id,latitude,longitude,timestamp,x,y,x_distance,y_distance
0,40.42542,-86.928444,1519894800,15,55,129.5722164,566.8071637
0,40.42542,-86.928444,1519894815,15,55,129.5722164,566.8071637
0,40.42542,-86.928444,1519894830,15,55,129.5722164,566.8071637
0,40.42542,-86.928444,1519894845,15,55,129.5722164,566.8071637
0,40.42542,-86.928444,1519894860,15,55,129.5722164,566.8071637
0,40.42542,-86.928444,1519894875,15,55,129.5722164,566.8071637
0,40.42542,-86.928444,1519894890,15,55,129.5722164,566.8071637
0,40.42542,-86.928444,1519894905,15,55,129.5722164,566.8071637
0,40.42542,-86.928444,1519894920,15,55,129.5722164,566.8071637
0,40.42542,-86.928444,1519894935,15,55,129.5722164,566.8071637
0,40.42542,-86.928444,1519894950,15,55,129.5722164,566.8071637
0,40.42542,-86.928444,1519894965,15,55,129.5722164,566.8071637
0,40.42542,-86.928444,1519894980,15,55,129.5722164,566.8071637
0,40.42542,-86.928444,1519894995,15,55,129.5722164,566.8071637
0,40.42542,-86.928444,1519895010,15,55,129.5722164,566.8071637
0,40.42542,-86.928444,1519895025,15,55,129.5722164,566.8071637
0,40.42542,-86.928444,1519895040,15,55,129.5722164,566.8071637
0,40.42542,-86.928444,1519895055,15,55,129.5722164,566.8071637
0,40.42542,-86.928444,1519895070,15,55,129.5722164,566.8071637
0,40.42542,-86.928444,1519895085,15,55,129.5722164,566.8071637
0,40.42542,-86.928444,1519895100,15,55,129.5722164,566.8071637
0,40.42542,-86.928444,1519895115,15,55,129.5722164,566.8071637
0,40.42542,-86.928444,1519895130,15,55,129.5722164,566.8071637
0,40.42542,-86.928444,1519895145,15,55,129.5722164,566.8071637
0,40.42542,-86.928444,1519895160,15,55,129.5722164,566.8071637
0,40.42542,-86.928444,1519895175,15,55,129.5722164,566.8071637
0,40.42542,-86.928444,1519895190,15,55,129.5722164,566.8071637
0,40.42542,-86.928444,1519895205,15,55,129.5722164,566.8071637
0,40.42542,-86.928444,1519895220,15,55,129.5722164,566.8071637
0,40.42542,-86.928444,1519895235,15,55,129.5722164,566.8071637
0,40.42542,-86.928444,1519895250,15,55,129.5722164,566.8071637
0,40.42542,-86.928444,1519895265,15,55,129.5722164,566.8071637
0,40.42542,-86.928444,1519895280,15,55,129.5722164,566.8071637
0,40.42542,-86.928444,1519895295,15,55,129.5722164,566.8071637
0,40.42542,-86.928444,1519895310,15,55,129.5722164,566.8071637
0,40.42542,-86.928444,1519895325,15,55,129.5722164,566.8071637
0,40.42542,-86.928444,1519895340,15,55,129.5722164,566.8071637
0,40.42542,-86.928444,1519895355,15,55,129.5722164,566.8071637
0,40.42542,-86.928444,1519895370,15,55,129.5722164,566.8071637
0,40.42542,-86.928444,1519895385,15,55,129.5722164,566.8071637
0,40.42542,-86.928444,1519895400,15,55,129.5722164,566.8071637
0,40.42542,-86.928444,1519895415,15,55,129.5722164,566.8071637
0,40.42542,-86.928444,1519895430,15,55,129.5722164,566.8071637
0,40.42542,-86.928444,1519895445,15,55,129.5722164,566.8071637
0,40.42542,-86.928444,1519895460,15,55,129.5722164,566.8071637
0,40.42542,-86.928444,1519895475,15,55,129.5722164,566.8071637
0,40.42542,-86.928444,1519895490,15,55,129.5722164,566.8071637
0,40.42542,-86.928444,1519895505,15,55,129.5722164,566.8071637
0,40.42542,-86.928444,1519895520,15,55,129.5722164,566.8071637
0,40.42542,-86.928444,1519895535,15,55,129.5722164,566.8071637
0,40.42542,-86.928444,1519895550,15,55,129.5722164,566.8071637
0,40.42542,-86.928444,1519895565,15,55,129.5722164,566.8071637
0,40.42542,-86.928444,1519895580,15,55,129.5722164,566.8071637
0,40.42542,-86.928444,1519895595,15,55,129.5722164,566.8071637
0,40.42542,-86.928444,1519895610,15,55,129.5722164,566.8071637
0,40.42542,-86.928444,1519895625,15,55,129.5722164,566.8071637
0,40.42542,-86.928444,1519895640,15,55,129.5722164,566.8071637
0,40.42542,-86.928444,1519895655,15,55,129.5722164,566.8071637
0,40.42542,-86.928444,1519895670,15,55,129.5722164,566.8071637
0,40.42542,-86.928444,1519895685,15,55,129.5722164,566.8071637
0,40.42542,-86.928444,1519895700,15,55,129.5722164,566.8071637
0,40.42542,-86.928444,1519895715,15,55,129.5722164,566.8071637
0,40.42542,-86.928444,1519895730,15,55,129.5722164,566.8071637
0,40.42542,-86.928444,1519895745,15,55,129.5722164,566.8071637
0,40.42542,-86.928444,1519895760,15,55,129.5722164,566.8071637
0,40.42542,-86.928444,1519895775,15,55,129.5722164,566.8071637
0,40.42542,-86.928444,1519895790,15,55,129.5722164,566.8071637
0,40.42542,-86.928444,1519895805,15,55,129.5722164,566.8071637
0,40.42542,-86.928444,1519895820,15,55,129.5722164,566.8071637
0,40.42542,-86.928444,1519895835,15,55,129.5722164,566.8071637
0,40.425415,-86.92842,1519895850,16,55,137.9317142,566.8071637
0,40.42541,-86.92842,1519895865,16,55,137.9317142,566.8071637
0,40.42541,-86.92842,1519895880,16,55,137.9317142,566.8071637
0,40.42541,-86.92842,1519895895,16,55,137.9317142,566.8071637
0,40.42541,-86.92842,1519895910,16,55,137.9317142,566.8071637
0,40.42541,-86.92842,1519895925,16,55,137.9317142,566.8071637
0,40.42541,-86.92842,1519895940,16,55,137.9317142,566.8071637
0,40.42541,-86.92842,1519895955,16,55,137.9317142,566.8071637
0,40.42541,-86.92842,1519895970,16,55,137.9317142,566.8071637
0,40.42541,-86.92842,1519895985,16,55,137.9317142,566.8071637
0,40.42541,-86.92842,1519896000,16,55,137.9317142,566.8071637
0,40.42541,-86.92842,1519896015,16,55,137.9317142,566.8071637
0,40.42541,-86.92842,1519896030,16,55,137.9317142,566.8071637
0,40.42541,-86.92842,1519896045,16,55,137.9317142,566.8071637
0,40.42541,-86.92842,1519896060,16,55,137.9317142,566.8071637
0,40.42542,-86.928444,1519896075,15,55,129.5722164,566.8071637
0,40.42542,-86.928444,1519896090,15,55,129.5722164,566.8071637
0,40.42542,-86.928444,1519896105,15,55,129.5722164,566.8071637
0,40.42542,-86.928444,1519896120,15,55,129.5722164,566.8071637
0,40.42542,-86.928444,1519896135,15,55,129.5722164,566.8071637
0,40.42542,-86.928444,1519896150,15,55,129.5722164,566.8071637
0,40.42542,-86.928444,1519896165,15,55,129.5722164,566.8071637
0,40.42542,-86.928444,1519896180,15,55,129.5722164,566.8071637
0,40.42542,-86.928444,1519896195,15,55,129.5722164,566.8071637
0,40.42542,-86.928444,1519896210,15,55,129.5722164,566.8071637
0,40.42542,-86.928444,1519896225,15,55,129.5722164,566.8071637
0,40.42542,-86.928444,1519896240,15,55,129.5722164,566.8071637
0,40.42542,-86.928444,1519896255,15,55,129.5722164,566.8071637
0,40.42542,-86.928444,1519896270,15,55,129.5722164,566.8071637
0,40.42542,-86.928444,1519896285,15,55,129.5722164,566.8071637
0,40.42542,-86.928444,1519896300,15,55,129.5722164,566.8071637
0,40.42542,-86.928444,1519896315,15,55,129.5722164,566.8071637
0,40.42542,-86.928444,1519896330,15,55,129.5722164,566.8071637
0,40.42542,-86.928444,1519896345,15,55,129.5722164,566.8071637
0,40.42542,-86.928444,1519896360,15,55,129.5722164,566.8071637
0,40.42542,-86.928444,1519896375,15,55,129.5722164,566.8071637
0,40.42542,-86.928444,1519896390,15,55,129.5722164,566.8071637
0,40.42542,-86.928444,1519896405,15,55,129.5722164,566.8071637
0,40.42542,-86.928444,1519896420,15,55,129.5722164,566.8071637
0,40.42542,-86.928444,1519896435,15,55,129.5722164,566.8071637
0,40.42542,-86.928444,1519896450,15,55,129.5722164,566.8071637
0,40.42542,-86.928444,1519896465,15,55,129.5722164,566.8071637
0,40.42542,-86.928444,1519896480,15,55,129.5722164,566.8071637
0,40.42542,-86.928444,1519896495,15,55,129.5722164,566.8071637
0,40.42542,-86.928444,1519896510,15,55,129.5722164,566.8071637
0,40.42542,-86.928444,1519896525,15,55,129.5722164,566.8071637
0,40.42542,-86.928444,1519896540,15,55,129.5722164,566.8071637
0,40.42542,-86.928444,1519896555,15,55,129.5722164,566.8071637
0,40.42542,-86.928444,1519896570,15,55,129.5722164,566.8071637
0,40.42542,-86.928444,1519896585,15,55,129.5722164,566.8071637
0,40.42542,-86.928444,1519896600,15,55,129.5722164,566.8071637
1,40.422894,-86.9115,1519894800,187,28,1567.405844,291.9761688
1,40.422894,-86.9115,1519894815,187,28,1567.405844,291.9761688
1,40.422894,-86.9115,1519894830,187,28,1567.405844,291.9761688
1,40.422894,-86.9115,1519894845,187,28,1567.405844,291.9761688
1,40.422894,-86.9115,1519894860,187,28,1567.405844,291.9761688
1,40.422894,-86.9115,1519894875,187,28,1567.405844,291.9761688
1,40.422894,-86.9115,1519894890,187,28,1567.405844,291.9761688
1,40.422894,-86.9115,1519894905,187,28,1567.405844,291.9761688
1,40.422894,-86.9115,1519894920,187,28,1567.405844,291.9761688
1,40.422894,-86.9115,1519894935,187,28,1567.405844,291.9761688
1,40.422894,-86.9115,1519894950,187,28,1567.405844,291.9761688
1,40.422894,-86.9115,1519894965,187,28,1567.405844,291.9761688
1,40.422894,-86.9115,1519894980,187,28,1567.405844,291.9761688
1,40.422894,-86.9115,1519894995,187,28,1567.405844,291.9761688
1,40.422894,-86.9115,1519895010,187,28,1567.405844,291.9761688
1,40.422894,-86.9115,1519895025,187,28,1567.405844,291.9761688
1,40.422894,-86.9115,1519895040,187,28,1567.405844,291.9761688
1,40.422894,-86.9115,1519895055,187,28,1567.405844,291.9761688
1,40.422894,-86.9115,1519895070,187,28,1567.405844,291.9761688
1,40.422894,-86.9115,1519895085,187,28,1567.405844,291.9761688
1,40.422894,-86.9115,1519895100,187,28,1567.405844,291.9761688
1,40.422894,-86.9115,1519895115,187,28,1567.405844,291.9761688
1,40.422894,-86.9115,1519895130,187,28,1567.405844,291.9761688
1,40.422894,-86.9115,1519895145,187,28,1567.405844,291.9761688
1,40.422894,-86.9115,1519895160,187,28,1567.405844,291.9761688
1,40.422894,-86.9115,1519895175,187,28,1567.405844,291.9761688
1,40.422894,-86.9115,1519895190,187,28,1567.405844,291.9761688
1,40.422894,-86.9115,1519895205,187,28,1567.405844,291.9761688
1,40.422894,-86.9115,1519895220,187,28,1567.405844,291.9761688
1,40.422894,-86.9115,1519895235,187,28,1567.405844,291.9761688
1,40.422894,-86.9115,1519895250,187,28,1567.405844,291.9761688
1,40.422894,-86.9115,1519895265,187,28,1567.405844,291.9761688
1,40.422894,-86.9115,1519895280,187,28,1567.405844,291.9761688
1,40.422894,-86.9115,1519895295,187,28,1567.405844,291.9761688
1,40.422894,-86.9115,1519895310,187,28,1567.405844,291.9761688
1,40.422894,-86.9115,1519895325,187,28,1567.405844,291.9761688
1,40.422894,-86.9115,1519895340,187,28,1567.405844,291.9761688
1,40.422894,-86.9115,1519895355,187,28,1567.405844,291.9761688
1,40.422894,-86.9115,1519895370,187,28,1567.405844,291.9761688
1,40.422894,-86.9115,1519895385,187,28,1567.405844,291.9761688
1,40.422894,-86.9115,1519895400,187,28,1567.405844,291.9761688
1,40.422894,-86.9115,1519895415,187,28,1567.405844,291.9761688
1,40.422894,-86.9115,1519895430,187,28,1567.405844,291.9761688
1,40.422894,-86.9115,1519895445,187,28,1567.405844,291.9761688
1,40.422894,-86.9115,1519895460,187,28,1567.405844,291.9761688
1,40.422894,-86.9115,1519895475,187,28,1567.405844,291.9761688
1,40.422894,-86.9115,1519895490,187,28,1567.405844,291.9761688
1,40.422894,-86.9115,1519895505,187,28,1567.405844,291.9761688
1,40.422894,-86.9115,1519895520,187,28,1567.405844,291.9761688
1,40.422894,-86.9115,1519895535,187,28,1567.405844,291.9761688
1,40.422894,-86.9115,1519895550,187,28,1567.405844,291.9761688
1,40.422894,-86.9115,1519895565,187,28,1567.405844,291.9761688
1,40.422894,-86.9115,1519895580,187,28,1567.405844,291.9761688
1,40.422894,-86.9115,1519895595,187,28,1567.405844,291.9761688
1,40.422894,-86.9115,1519895610,187,28,1567.405844,291.9761688
1,40.422894,-86.9115,1519895625,187,28,1567.405844,291.9761688
1,40.422894,-86.9115,1519895640,187,28,1567.405844,291.9761688
1,40.422894,-86.9115,1519895655,187,28,1567.405844,291.9761688
1,40.422894,-86.9115,1519895670,187,28,1567.405844,291.9761688
1,40.422894,-86.9115,1519895685,187,28,1567.405844,291.9761688
1,40.422894,-86.9115,1519895700,187,28,1567.405844,291.9761688
1,40.422894,-86.9115,1519895715,187,28,1567.405844,291.9761688
1,40.422894,-86.9115,1519895730,187,28,1567.405844,291.9761688
1,40.422894,-86.9115,1519895745,187,28,1567.405844,291.9761688
1,40.422894,-86.9115,1519895760,187,28,1567.405844,291.9761688
1,40.422894,-86.9115,1519895775,187,28,1567.405844,291.9761688
1,40.422894,-86.9115,1519895790,187,28,1567.405844,291.9761688
1,40.422894,-86.9115,1519895805,187,28,1567.405844,291.9761688
1,40.422894,-86.9115,1519895820,187,28,1567.405844,291.9761688
1,40.422894,-86.9115,1519895835,187,28,1567.405844,291.9761688
1,40.422894,-86.9115,1519895850,187,28,1567.405844,291.9761688
1,40.422894,-86.9115,1519895865,187,28,1567.405844,291.9761688
1,40.422894,-86.9115,1519895880,187,28,1567.405844,291.9761688
1,40.422894,-86.9115,1519895895,187,28,1567.405844,291.9761688
1,40.422894,-86.9115,1519895910,187,28,1567.405844,291.9761688
1,40.422894,-86.9115,1519895925,187,28,1567.405844,291.9761688
1,40.422894,-86.9115,1519895940,187,28,1567.405844,291.9761688
1,40.422894,-86.9115,1519895955,187,28,1567.405844,291.9761688
1,40.422894,-86.9115,1519895970,187,28,1567.405844,291.9761688
1,40.422894,-86.9115,1519895985,187,28,1567.405844,291.9761688
1,40.422894,-86.9115,1519896000,187,28,1567.405844,291.9761688
1,40.422894,-86.9115,1519896015,187,28,1567.405844,291.9761688
1,40.422894,-86.9115,1519896030,187,28,1567.405844,291.9761688
1,40.422894,-86.9115,1519896045,187,28,1567.405844,291.9761688
1,40.422894,-86.9115,1519896060,187,28,1567.405844,291.9761688
1,40.422894,-86.9115,1519896075,187,28,1567.405844,291.9761688
1,40.422894,-86.9115,1519896090,187,28,1567.405844,291.9761688
1,40.422894,-86.9115,1519896105,187,28,1567.405844,291.9761688
1,40.422894,-86.9115,1519896120,187,28,1567.405844,291.9761688
1,40.422894,-86.9115,1519896135,187,28,1567.405844,291.9761688
1,40.422894,-86.9115,1519896150,187,28,1567.405844,291.9761688
1,40.422894,-86.9115,1519896165,187,28,1567.405844,291.9761688
1,40.422894,-86.9115,1519896180,187,28,1567.405844,291.9761688
1,40.422894,-86.9115,1519896195,187,28,1567.405844,291.9761688
1,40.422894,-86.9115,1519896210,187,28,1567.405844,291.9761688
1,40.422894,-86.9115,1519896225,187,28,1567.405844,291.9761688
1,40.422894,-86.9115,1519896240,187,28,1567.405844,291.9761688
1,40.422894,-86.9115,1519896255,187,28,1567.405844,291.9761688
1,40.422894,-86.9115,1519896270,187,28,1567.405844,291.9761688
1,40.422894,-86.9115,1519896285,187,28,1567.405844,291.9761688
1,40.422894,-86.9115,1519896300,187,28,1567.405844,291.9761688
1,40.422894,-86.9115,1519896315,187,28,1567.405844,291.9761688
1,40.422894,-86.9115,1519896330,187,28,1567.405844,291.9761688
1,40.422894,-86.9115,1519896345,187,28,1567.405844,291.9761688
1,40.42317,-86.91154,1519896360,187,31,1567.405844,322.512946
1,40.42317,-86.91154,1519896375,187,31,1567.405844,322.512946
1,40.42317,-86.91154,1519896390,187,31,1567.405844,322.512946
1,40.42317,-86.91154,1519896405,187,31,1567.405844,322.512946
1,40.42317,-86.91154,1519896420,187,31,1567.405844,322.512946
1,40.42317,-86.91154,1519896435,187,31,1567.405844,322.512946
1,40.42317,-86.91154,1519896450,187,31,1567.405844,322.512946
1,40.42317,-86.91154,1519896465,187,31,1567.405844,322.512946
1,40.42317,-86.91154,1519896480,187,31,1567.405844,322.512946
1,40.42317,-86.91154,1519896495,187,31,1567.405844,322.512946
1,40.42317,-86.91154,1519896510,187,31,1567.405844,322.512946
1,40.42317,-86.91154,1519896525,187,31,1567.405844,322.512946
1,40.42317,-86.91154,1519896540,187,31,1567.405844,322.512946
1,40.42317,-86.91154,1519896555,187,31,1567.405844,322.512946
1,40.42317,-86.91154,1519896570,187,31,1567.405844,322.512946
1,40.42317,-86.91154,1519896585,187,31,1567.405844,322.512946
1,40.42317,-86.91154,1519896600,187,31,1567.405844,322.512946
2,40.42662,-86.919754,1519894800,104,68,873.5675236,699.1331983
2,40.42662,-86.919754,1519894815,104,68,873.5675236,699.1331983
2,40.426624,-86.91976,1519894830,103,68,865.2080257,699.1331983
2,40.42661,-86.91981,1519894845,103,68,865.2080257,699.1331983
2,40.426598,-86.91986,1519894860,102,68,856.8485279,699.1331983
2,40.426598,-86.91986,1519894875,102,68,856.8485279,699.1331983
2,40.426598,-86.91986,1519894890,102,68,856.8485279,699.1331983
2,40.426598,-86.91986,1519894905,102,68,856.8485279,699.1331983
2,40.426598,-86.91986,1519894920,102,68,856.8485279,699.1331983
2,40.426598,-86.91986,1519894935,102,68,856.8485279,699.1331983
2,40.427044,-86.91985,1519894950,103,73,865.2080257,750.027827
2,40.427044,-86.91985,1519894965,103,73,865.2080257,750.027827
2,40.427044,-86.91985,1519894980,103,73,865.2080257,750.027827
2,40.427044,-86.91985,1519894995,103,73,865.2080257,750.027827
2,40.427044,-86.91985,1519895010,103,73,865.2080257,750.027827
2,40.427044,-86.91985,1519895025,103,73,865.2080257,750.027827
2,40.427044,-86.91985,1519895040,103,73,865.2080257,750.027827
2,40.427044,-86.91985,1519895055,103,73,865.2080257,750.027827
2,40.427044,-86.91985,1519895070,103,73,865.2080257,750.027827
2,40.427044,-86.91985,1519895085,103,73,865.2080257,750.027827
2,40.427044,-86.91985,1519895100,103,73,865.2080257,750.027827
2,40.427044,-86.91985,1519895115,103,73,865.2080257,750.027827
2,40.427044,-86.91985,1519895130,103,73,865.2080257,750.027827
2,40.427044,-86.91985,1519895145,103,73,865.2080257,750.027827
2,40.427044,-86.91985,1519895160,103,73,865.2080257,750.027827
2,40.427044,-86.91985,1519895175,103,73,865.2080257,750.027827
2,40.427044,-86.91985,1519895190,103,73,865.2080257,750.027827
2,40.427044,-86.91985,1519895205,103,73,865.2080257,750.027827
2,40.427044,-86.91985,1519895220,103,73,865.2080257,750.027827
2,40.427044,-86.91985,1519895235,103,73,865.2080257,750.027827
2,40.427044,-86.91985,1519895250,103,73,865.2080257,750.027827
2,40.427044,-86.91985,1519895265,103,73,865.2080257,750.027827
2,40.427044,-86.91985,1519895280,103,73,865.2080257,750.027827
2,40.427044,-86.91985,1519895295,103,73,865.2080257,750.027827
2,40.427044,-86.91985,1519895310,103,73,865.2080257,750.027827
2,40.427044,-86.91985,1519895325,103,73,865.2080257,750.027827
2,40.427044,-86.91985,1519895340,103,73,865.2080257,750.027827
2,40.427044,-86.91985,1519895355,103,73,865.2080257,750.027827
2,40.427044,-86.91985,1519895370,103,73,865.2080257,750.027827
2,40.427044,-86.91985,1519895385,103,73,865.2080257,750.027827
2,40.427044,-86.91985,1519895400,103,73,865.2080257,750.027827
2,40.427044,-86.91985,1519895415,103,73,865.2080257,750.027827
2,40.427044,-86.91985,1519895430,103,73,865.2080257,750.027827
2,40.427044,-86.91985,1519895445,103,73,865.2080257,750.027827
2,40.427044,-86.91985,1519895460,103,73,865.2080257,750.027827
2,40.427044,-86.91985,1519895475,103,73,865.2080257,750.027827
2,40.427044,-86.91985,1519895490,103,73,865.2080257,750.027827
2,40.427044,-86.91985,1519895505,103,73,865.2080257,750.027827
2,40.427044,-86.91985,1519895520,103,73,865.2080257,750.027827
2,40.427044,-86.91985,1519895535,103,73,865.2080257,750.027827
2,40.427044,-86.91985,1519895550,103,73,865.2080257,750.027827
2,40.427044,-86.91985,1519895565,103,73,865.2080257,750.027827
2,40.427044,-86.91985,1519895580,103,73,865.2080257,750.027827
2,40.427044,-86.91985,1519895595,103,73,865.2080257,750.027827
2,40.427044,-86.91985,1519895610,103,73,865.2080257,750.027827
2,40.427044,-86.91985,1519895625,103,73,865.2080257,750.027827
2,40.427044,-86.91985,1519895640,103,73,865.2080257,750.027827
2,40.427044,-86.91985,1519895655,103,73,865.2080257,750.027827
2,40.427044,-86.91985,1519895670,103,73,865.2080257,750.027827
2,40.427044,-86.91985,1519895685,103,73,865.2080257,750.027827
2,40.427044,-86.91985,1519895700,103,73,865.2080257,750.027827
2,40.427044,-86.91985,1519895715,103,73,865.2080257,750.027827
2,40.427044,-86.91985,1519895730,103,73,865.2080257,750.027827
2,40.427044,-86.91985,1519895745,103,73,865.2080257,750.027827
2,40.427044,-86.91985,1519895760,103,73,865.2080257,750.027827
2,40.427044,-86.91985,1519895775,103,73,865.2080257,750.027827
2,40.427044,-86.91985,1519895790,103,73,865.2080257,750.027827
2,40.427044,-86.91985,1519895805,103,73,865.2080257,750.027827
2,40.427044,-86.91985,1519895820,103,73,865.2080257,750.027827
2,40.427044,-86.91985,1519895835,103,73,865.2080257,750.027827
2,40.427044,-86.91985,1519895850,103,73,865.2080257,750.027827
2,40.427044,-86.91985,1519895865,103,73,865.2080257,750.027827
2,40.427044,-86.91985,1519895880,103,73,865.2080257,750.027827
2,40.427044,-86.91985,1519895895,103,73,865.2080257,750.027827
2,40.427044,-86.91985,1519895910,103,73,865.2080257,750.027827
2,40.427044,-86.91985,1519895925,103,73,865.2080257,750.027827
2,40.427044,-86.91985,1519895940,103,73,865.2080257,750.027827
2,40.427044,-86.91985,1519895955,103,73,865.2080257,750.027827
2,40.427044,-86.91985,1519895970,103,73,865.2080257,750.027827
2,40.427044,-86.91985,1519895985,103,73,865.2080257,750.027827
2,40.427044,-86.91985,1519896000,103,73,865.2080257,750.027827
2,40.427044,-86.91985,1519896015,103,73,865.2080257,750.027827
2,40.427044,-86.91985,1519896030,103,73,865.2080257,750.027827
2,40.427044,-86.91985,1519896045,103,73,865.2080257,750.027827
2,40.427044,-86.91985,1519896060,103,73,865.2080257,750.027827
2,40.427044,-86.91985,1519896075,103,73,865.2080257,750.027827
2,40.427044,-86.91985,1519896090,103,73,865.2080257,750.027827
2,40.427044,-86.91985,1519896105,103,73,865.2080257,750.027827
2,40.427044,-86.91985,1519896120,103,73,865.2080257,750.027827
2,40.427044,-86.91985,1519896135,103,73,865.2080257,750.027827
2,40.427044,-86.91985,1519896150,103,73,865.2080257,750.027827
2,40.427044,-86.91985,1519896165,103,73,865.2080257,750.027827
2,40.427044,-86.91985,1519896180,103,73,865.2080257,750.027827
2,40.427044,-86.91985,1519896195,103,73,865.2080257,750.027827
2,40.427044,-86.91985,1519896210,103,73,865.2080257,750.027827
2,40.427044,-86.91985,1519896225,103,73,865.2080257,750.027827
2,40.427044,-86.91985,1519896240,103,73,865.2080257,750.027827
2,40.427044,-86.91985,1519896255,103,73,865.2080257,750.027827
2,40.427044,-86.91985,1519896270,103,73,865.2080257,750.027827
2,40.427044,-86.91985,1519896285,103,73,865.2080257,750.027827
2,40.427044,-86.91985,1519896300,103,73,865.2080257,750.027827
2,40.427044,-86.91985,1519896315,103,73,865.2080257,750.027827
2,40.427044,-86.91985,1519896330,103,73,865.2080257,750.027827
2,40.427044,-86.91985,1519896345,103,73,865.2080257,750.027827
2,40.427044,-86.91985,1519896360,103,73,865.2080257,750.027827
2,40.427044,-86.91985,1519896375,103,73,865.2080257,750.027827
2,40.427044,-86.91985,1519896390,103,73,865.2080257,750.027827
2,40.427044,-86.91985,1519896405,103,73,865.2080257,750.027827
2,40.427044,-86.91985,1519896420,103,73,865.2080257,750.027827
2,40.427044,-86.91985,1519896435,103,73,865.2080257,750.027827
2,40.427044,-86.91985,1519896450,103,73,865.2080257,750.027827
2,40.427044,-86.91985,1519896465,103,73,865.2080257,750.027827
2,40.427044,-86.91985,1519896480,103,73,865.2080257,750.027827
2,40.427044,-86.91985,1519896495,103,73,865.2080257,750.027827
2,40.427044,-86.91985,1519896510,103,73,865.2080257,750.027827
2,40.427044,-86.91985,1519896525,103,73,865.2080257,750.027827
2,40.427044,-86.91985,1519896540,103,73,865.2080257,750.027827
2,40.427044,-86.91985,1519896555,103,73,865.2080257,750.027827
2,40.427044,-86.91985,1519896570,103,73,865.2080257,750.027827
2,40.427044,-86.91985,1519896585,103,73,865.2080257,750.027827
2,40.427044,-86.91985,1519896600,103,73,865.2080257,750.027827
3,40.4228,-86.91178,1519894800,184,27,1542.32735,281.7972431
3,40.4228,-86.91178,1519894815,184,27,1542.32735,281.7972431
3,40.4228,-86.91178,1519894830,184,27,1542.32735,281.7972431
3,40.4228,-86.91178,1519894845,184,27,1542.32735,281.7972431
3,40.422764,-86.91178,1519894860,184,26,1542.32735,271.6183173
3,40.422764,-86.91178,1519894875,184,26,1542.32735,271.6183173
3,40.422764,-86.91178,1519894890,184,26,1542.32735,271.6183173
3,40.422764,-86.91178,1519894905,184,26,1542.32735,271.6183173
3,40.422764,-86.91178,1519894920,184,26,1542.32735,271.6183173
3,40.422764,-86.91178,1519894935,184,26,1542.32735,271.6183173
3,40.422764,-86.91178,1519894950,184,26,1542.32735,271.6183173
3,40.422764,-86.91178,1519894965,184,26,1542.32735,271.6183173
3,40.422764,-86.91178,1519894980,184,26,1542.32735,271.6183173
3,40.422764,-86.91178,1519894995,184,26,1542.32735,271.6183173
3,40.422764,-86.91178,1519895010,184,26,1542.32735,271.6183173
3,40.422764,-86.91178,1519895025,184,26,1542.32735,271.6183173
3,40.422764,-86.91178,1519895040,184,26,1542.32735,271.6183173
3,40.422764,-86.91178,1519895055,184,26,1542.32735,271.6183173
3,40.422867,-86.91175,1519895070,185,28,1550.686848,291.9761688
3,40.422867,-86.91175,1519895085,185,28,1550.686848,291.9761688
3,40.422867,-86.91175,1519895100,185,28,1550.686848,291.9761688
3,40.422867,-86.91175,1519895115,185,28,1550.686848,291.9761688
3,40.422867,-86.91175,1519895130,185,28,1550.686848,291.9761688
3,40.422867,-86.91175,1519895145,185,28,1550.686848,291.9761688
3,40.422867,-86.91175,1519895160,185,28,1550.686848,291.9761688
3,40.422867,-86.91175,1519895175,185,28,1550.686848,291.9761688
3,40.42274,-86.9118,1519895190,184,26,1542.32735,271.6183173
3,40.42274,-86.9118,1519895205,184,26,1542.32735,271.6183173
3,40.42274,-86.9118,1519895220,184,26,1542.32735,271.6183173
3,40.42274,-86.9118,1519895235,184,26,1542.32735,271.6183173
3,40.42274,-86.9118,1519895250,184,26,1542.32735,271.6183173
3,40.42274,-86.9118,1519895265,184,26,1542.32735,271.6183173
3,40.42274,-86.9118,1519895280,184,26,1542.32735,271.6183173
3,40.42274,-86.9118,1519895295,184,26,1542.32735,271.6183173
3,40.42274,-86.9118,1519895310,184,26,1542.32735,271.6183173
3,40.42274,-86.9118,1519895325,184,26,1542.32735,271.6183173
3,40.42274,-86.9118,1519895340,184,26,1542.32735,271.6183173
3,40.42274,-86.9118,1519895355,184,26,1542.32735,271.6183173
3,40.42274,-86.9118,1519895370,184,26,1542.32735,271.6183173
3,40.42274,-86.9118,1519895385,184,26,1542.32735,271.6183173
3,40.42274,-86.9118,1519895400,184,26,1542.32735,271.6183173
3,40.42274,-86.9118,1519895415,184,26,1542.32735,271.6183173
3,40.422733,-86.91176,1519895430,185,26,1550.686848,271.6183173
3,40.422733,-86.91176,1519895445,185,26,1550.686848,271.6183173
3,40.422733,-86.91176,1519895460,185,26,1550.686848,271.6183173
3,40.422733,-86.91176,1519895475,185,26,1550.686848,271.6183173
3,40.422733,-86.91176,1519895490,185,26,1550.686848,271.6183173
3,40.422733,-86.91176,1519895505,185,26,1550.686848,271.6183173
3,40.422733,-86.91176,1519895520,185,26,1550.686848,271.6183173
3,40.422733,-86.91176,1519895535,185,26,1550.686848,271.6183173
3,40.422733,-86.91176,1519895550,185,26,1550.686848,271.6183173
3,40.422733,-86.91176,1519895565,185,26,1550.686848,271.6183173
3,40.422733,-86.91176,1519895580,185,26,1550.686848,271.6183173
3,40.422733,-86.91176,1519895595,185,26,1550.686848,271.6183173
3,40.422733,-86.91176,1519895610,185,26,1550.686848,271.6183173
3,40.423237,-86.91167,1519895625,186,32,1559.046346,332.6918718
3,40.423237,-86.91167,1519895640,186,32,1559.046346,332.6918718
3,40.423237,-86.91167,1519895655,186,32,1559.046346,332.6918718
3,40.423237,-86.91167,1519895670,186,32,1559.046346,332.6918718
3,40.423237,-86.91167,1519895685,186,32,1559.046346,332.6918718
3,40.423237,-86.91167,1519895700,186,32,1559.046346,332.6918718
3,40.423237,-86.91167,1519895715,186,32,1559.046346,332.6918718
3,40.423237,-86.91167,1519895730,186,32,1559.046346,332.6918718
3,40.423237,-86.91167,1519895745,186,32,1559.046346,332.6918718
3,40.423237,-86.91167,1519895760,186,32,1559.046346,332.6918718
3,40.423237,-86.91167,1519895775,186,32,1559.046346,332.6918718
3,40.423237,-86.91167,1519895790,186,32,1559.046346,332.6918718
3,40.422794,-86.91177,1519895805,185,27,1550.686848,281.7972431
3,40.42279,-86.911766,1519895820,185,27,1550.686848,281.7972431
3,40.42279,-86.911766,1519895835,185,27,1550.686848,281.7972431
3,40.42279,-86.911766,1519895850,185,27,1550.686848,281.7972431
3,40.42279,-86.911766,1519895865,185,27,1550.686848,281.7972431
3,40.42279,-86.911766,1519895880,185,27,1550.686848,281.7972431
3,40.42279,-86.911766,1519895895,185,27,1550.686848,281.7972431
3,40.42279,-86.911766,1519895910,185,27,1550.686848,281.7972431
3,40.42279,-86.911766,1519895925,185,27,1550.686848,281.7972431
3,40.42279,-86.911766,1519895940,185,27,1550.686848,281.7972431
3,40.42279,-86.911766,1519895955,185,27,1550.686848,281.7972431
3,40.42279,-86.911766,1519895970,185,27,1550.686848,281.7972431
3,40.42279,-86.911766,1519895985,185,27,1550.686848,281.7972431
3,40.42279,-86.911766,1519896000,185,27,1550.686848,281.7972431
3,40.42279,-86.911766,1519896015,185,27,1550.686848,281.7972431
3,40.42279,-86.911766,1519896030,185,27,1550.686848,281.7972431
3,40.42279,-86.911766,1519896045,185,27,1550.686848,281.7972431
3,40.42279,-86.911766,1519896060,185,27,1550.686848,281.7972431
3,40.42279,-86.911766,1519896075,185,27,1550.686848,281.7972431
3,40.42279,-86.911766,1519896090,185,27,1550.686848,281.7972431
3,40.42279,-86.911766,1519896105,185,27,1550.686848,281.7972431
3,40.42279,-86.911766,1519896120,185,27,1550.686848,281.7972431
3,40.42279,-86.911766,1519896135,185,27,1550.686848,281.7972431
3,40.42279,-86.911766,1519896150,185,27,1550.686848,281.7972431
3,40.42279,-86.911766,1519896165,185,27,1550.686848,281.7972431
3,40.42279,-86.911766,1519896180,185,27,1550.686848,281.7972431
3,40.42279,-86.911766,1519896195,185,27,1550.686848,281.7972431
3,40.42279,-86.911766,1519896210,185,27,1550.686848,281.7972431
3,40.42279,-86.911766,1519896225,185,27,1550.686848,281.7972431
3,40.42279,-86.911766,1519896240,185,27,1550.686848,281.7972431
3,40.42275,-86.91177,1519896255,185,26,1550.686848,271.6183173
3,40.42275,-86.91177,1519896270,185,26,1550.686848,271.6183173
3,40.42275,-86.91177,1519896285,185,26,1550.686848,271.6183173
3,40.42275,-86.91177,1519896300,185,26,1550.686848,271.6183173
3,40.42275,-86.91177,1519896315,185,26,1550.686848,271.6183173
3,40.42275,-86.91177,1519896330,185,26,1550.686848,271.6183173
3,40.42275,-86.91177,1519896345,185,26,1550.686848,271.6183173
3,40.42275,-86.91177,1519896360,185,26,1550.686848,271.6183173
3,40.42275,-86.91177,1519896375,185,26,1550.686848,271.6183173
3,40.42275,-86.91177,1519896390,185,26,1550.686848,271.6183173
3,40.42275,-86.91177,1519896405,185,26,1550.686848,271.6183173
3,40.42275,-86.91177,1519896420,185,26,1550.686848,271.6183173
3,40.42275,-86.91177,1519896435,185,26,1550.686848,271.6183173
3,40.42275,-86.91177,1519896450,185,26,1550.686848,271.6183173
3,40.4228,-86.91178,1519896465,184,27,1542.32735,281.7972431
3,40.4228,-86.91178,1519896480,184,27,1542.32735,281.7972431
3,40.4228,-86.91178,1519896495,184,27,1542.32735,281.7972431
3,40.4228,-86.91178,1519896510,184,27,1542.32735,281.7972431
3,40.4228,-86.91178,1519896525,184,27,1542.32735,281.7972431
3,40.4228,-86.91178,1519896540,184,27,1542.32735,281.7972431
3,40.4228,-86.91178,1519896555,184,27,1542.32735,281.7972431
3,40.4228,-86.91178,1519896570,184,27,1542.32735,281.7972431
3,40.4228,-86.91178,1519896585,184,27,1542.32735,281.7972431
3,40.4228,-86.91178,1519896600,184,27,1542.32735,281.7972431
4,40.425453,-86.927895,1519894800,21,56,179.7292034,576.9860894
4,40.425453,-86.927895,1519894815,21,56,179.7292034,576.9860894
4,40.425453,-86.927895,1519894830,21,56,179.7292034,576.9860894
4,40.425453,-86.927895,1519894845,21,56,179.7292034,576.9860894
4,40.425453,-86.927895,1519894860,21,56,179.7292034,576.9860894
4,40.425453,-86.927895,1519894875,21,56,179.7292034,576.9860894
4,40.425453,-86.927895,1519894890,21,56,179.7292034,576.9860894
4,40.425453,-86.927895,1519894905,21,56,179.7292034,576.9860894
4,40.425453,-86.927895,1519894920,21,56,179.7292034,576.9860894
4,40.425453,-86.927895,1519894935,21,56,179.7292034,576.9860894
4,40.425453,-86.927895,1519894950,21,56,179.7292034,576.9860894
4,40.425453,-86.927895,1519894965,21,56,179.7292034,576.9860894
4,40.425453,-86.927895,1519894980,21,56,179.7292034,576.9860894
4,40.425453,-86.927895,1519894995,21,56,179.7292034,576.9860894
4,40.425453,-86.927895,1519895010,21,56,179.7292034,576.9860894
4,40.425453,-86.927895,1519895025,21,56,179.7292034,576.9860894
4,40.425453,-86.927895,1519895040,21,56,179.7292034,576.9860894
4,40.425453,-86.927895,1519895055,21,56,179.7292034,576.9860894
4,40.425453,-86.927895,1519895070,21,56,179.7292034,576.9860894
4,40.425453,-86.927895,1519895085,21,56,179.7292034,576.9860894
4,40.425453,-86.927895,1519895100,21,56,179.7292034,576.9860894
4,40.425453,-86.927895,1519895115,21,56,179.7292034,576.9860894
4,40.425453,-86.927895,1519895130,21,56,179.7292034,576.9860894
4,40.425453,-86.927895,1519895145,21,56,179.7292034,576.9860894
4,40.425453,-86.927895,1519895160,21,56,179.7292034,576.9860894
4,40.425453,-86.927895,1519895175,21,56,179.7292034,576.9860894
4,40.425453,-86.927895,1519895190,21,56,179.7292034,576.9860894
4,40.425453,-86.927895,1519895205,21,56,179.7292034,576.9860894
4,40.425453,-86.927895,1519895220,21,56,179.7292034,576.9860894
4,40.425453,-86.927895,1519895235,21,56,179.7292034,576.9860894
4,40.425453,-86.927895,1519895250,21,56,179.7292034,576.9860894
4,40.425453,-86.927895,1519895265,21,56,179.7292034,576.9860894
4,40.425453,-86.927895,1519895280,21,56,179.7292034,576.9860894
4,40.425453,-86.927895,1519895295,21,56,179.7292034,576.9860894
4,40.425453,-86.927895,1519895310,21,56,179.7292034,576.9860894
4,40.425453,-86.927895,1519895325,21,56,179.7292034,576.9860894
4,40.425453,-86.927895,1519895340,21,56,179.7292034,576.9860894
4,40.425453,-86.927895,1519895355,21,56,179.7292034,576.9860894
4,40.425453,-86.927895,1519895370,21,56,179.7292034,576.9860894
4,40.425453,-86.927895,1519895385,21,56,179.7292034,576.9860894
4,40.425446,-86.9279,1519895400,21,56,179.7292034,576.9860894
4,40.425446,-86.9279,1519895415,21,56,179.7292034,576.9860894
4,40.425446,-86.9279,1519895430,21,56,179.7292034,576.9860894
4,40.425453,-86.927895,1519895445,21,56,179.7292034,576.9860894
4,40.425453,-86.927895,1519895460,21,56,179.7292034,576.9860894
4,40.425453,-86.927895,1519895475,21,56,179.7292034,576.9860894
4,40.425453,-86.92787,1519895490,21,56,179.7292034,576.9860894
4,40.425453,-86.927895,1519895505,21,56,179.7292034,576.9860894
4,40.425453,-86.927895,1519895520,21,56,179.7292034,576.9860894
4,40.425453,-86.927895,1519895535,21,56,179.7292034,576.9860894
4,40.425453,-86.927895,1519895550,21,56,179.7292034,576.9860894
4,40.425453,-86.927895,1519895565,21,56,179.7292034,576.9860894
4,40.425453,-86.927895,1519895580,21,56,179.7292034,576.9860894
4,40.425453,-86.927895,1519895595,21,56,179.7292034,576.9860894
4,40.425453,-86.927895,1519895610,21,56,179.7292034,576.9860894
4,40.425453,-86.92789,1519895625,21,56,179.7292034,576.9860894
4,40.425453,-86.92789,1519895640,21,56,179.7292034,576.9860894
4,40.425453,-86.92789,1519895655,21,56,179.7292034,576.9860894
4,40.42545,-86.927895,1519895670,21,56,179.7292034,576.9860894
4,40.42545,-86.927895,1519895685,21,56,179.7292034,576.9860894
4,40.42545,-86.927895,1519895700,21,56,179.7292034,576.9860894
4,40.42545,-86.927895,1519895715,21,56,179.7292034,576.9860894
4,40.42545,-86.927895,1519895730,21,56,179.7292034,576.9860894
4,40.425453,-86.927895,1519895745,21,56,179.7292034,576.9860894
4,40.425453,-86.927895,1519895760,21,56,179.7292034,576.9860894
4,40.425453,-86.927895,1519895775,21,56,179.7292034,576.9860894
4,40.425453,-86.927895,1519895790,21,56,179.7292034,576.9860894
4,40.425453,-86.927895,1519895805,21,56,179.7292034,576.9860894
4,40.425453,-86.927895,1519895820,21,56,179.7292034,576.9860894
4,40.425453,-86.927895,1519895835,21,56,179.7292034,576.9860894
4,40.425453,-86.927895,1519895850,21,56,179.7292034,576.9860894
4,40.425446,-86.9279,1519895865,21,56,179.7292034,576.9860894
4,40.425446,-86.9279,1519895880,21,56,179.7292034,576.9860894
4,40.425453,-86.927895,1519895895,21,56,179.7292034,576.9860894
4,40.42545,-86.927895,1519895910,21,56,179.7292034,576.9860894
4,40.42545,-86.927895,1519895925,21,56,179.7292034,576.9860894
4,40.42545,-86.927895,1519895940,21,56,179.7292034,576.9860894
4,40.42545,-86.927895,1519895955,21,56,179.7292034,576.9860894
4,40.425453,-86.927895,1519895970,21,56,179.7292034,576.9860894
4,40.425453,-86.927895,1519895985,21,56,179.7292034,576.9860894
4,40.425453,-86.927895,1519896000,21,56,179.7292034,576.9860894
4,40.425453,-86.92789,1519896015,21,56,179.7292034,576.9860894
4,40.425453,-86.92789,1519896030,21,56,179.7292034,576.9860894
4,40.425453,-86.927895,1519896045,21,56,179.7292034,576.9860894
4,40.425453,-86.927895,1519896060,21,56,179.7292034,576.9860894
4,40.425453,-86.927895,1519896075,21,56,179.7292034,576.9860894
4,40.425453,-86.927895,1519896090,21,56,179.7292034,576.9860894
4,40.42545,-86.927895,1519896105,21,56,179.7292034,576.9860894
4,40.425453,-86.927895,1519896120,21,56,179.7292034,576.9860894
4,40.425446,-86.9279,1519896135,21,56,179.7292034,576.9860894
4,40.425453,-86.927895,1519896150,21,56,179.7292034,576.9860894
4,40.425453,-86.927895,1519896165,21,56,179.7292034,576.9860894
4,40.425453,-86.927895,1519896180,21,56,179.7292034,576.9860894
4,40.425453,-86.927895,1519896195,21,56,179.7292034,576.9860894
4,40.425453,-86.927895,1519896210,21,56,179.7292034,576.9860894
4,40.425453,-86.927895,1519896225,21,56,179.7292034,576.9860894
4,40.425453,-86.927895,1519896240,21,56,179.7292034,576.9860894
4,40.425453,-86.927895,1519896255,21,56,179.7292034,576.9860894
4,40.425453,-86.927895,1519896270,21,56,179.7292034,576.9860894
4,40.425453,-86.927895,1519896285,21,56,179.7292034,576.9860894
4,40.42545,-86.927895,1519896300,21,56,179.7292034,576.9860894
4,40.42545,-86.927895,1519896315,21,56,179.7292034,576.9860894
4,40.42545,-86.927895,1519896330,21,56,179.7292034,576.9860894
4,40.42545,-86.927895,1519896345,21,56,179.7292034,576.9860894
4,40.42545,-86.927895,1519896360,21,56,179.7292034,576.9860894
4,40.425453,-86.927895,1519896375,21,56,179.7292034,576.9860894
4,40.425453,-86.927895,1519896390,21,56,179.7292034,576.9860894
4,40.425453,-86.927895,1519896405,21,56,179.7292034,576.9860894
4,40.425453,-86.927895,1519896420,21,56,179.7292034,576.9860894
4,40.425453,-86.927895,1519896435,21,56,179.7292034,576.9860894
4,40.425453,-86.927895,1519896450,21,56,179.7292034,576.9860894
4,40.425453,-86.9279,1519896465,21,56,179.7292034,576.9860894
4,40.425453,-86.9279,1519896480,21,56,179.7292034,576.9860894
4,40.425453,-86.927895,1519896495,21,56,179.7292034,576.9860894
4,40.425453,-86.927895,1519896510,21,56,179.7292034,576.9860894
4,40.425453,-86.927895,1519896525,21,56,179.7292034,576.9860894
4,40.425446,-86.9279,1519896540,21,56,179.7292034,576.9860894
4,40.425446,-86.9279,1519896555,21,56,179.7292034,576.9860894
4,40.425446,-86.92817,1519896570,18,56,154.6507099,576.9860894
4,40.425446,-86.9279,1519896585,21,56,179.7292034,576.9860894
4,40.425446,-86.9279,1519896600,21,56,179.7292034,576.9860894
5,40.426308,-86.926506,1519894800,35,65,296.7621731,668.5964211
5,40.426247,-86.92638,1519894815,36,64,305.1216709,658.4174953
5,40.426285,-86.92648,1519894830,35,65,296.7621731,668.5964211
5,40.426292,-86.92649,1519894845,35,65,296.7621731,668.5964211
5,40.426308,-86.926506,1519894860,35,65,296.7621731,668.5964211
5,40.426323,-86.92653,1519894875,35,65,296.7621731,668.5964211
5,40.42631,-86.92651,1519894890,35,65,296.7621731,668.5964211
5,40.426285,-86.926476,1519894905,35,65,296.7621731,668.5964211
5,40.426308,-86.926506,1519894920,35,65,296.7621731,668.5964211
5,40.426304,-86.92651,1519894935,35,65,296.7621731,668.5964211
5,40.426258,-86.926445,1519894950,36,64,305.1216709,658.4174953
5,40.426258,-86.926445,1519894965,36,64,305.1216709,658.4174953
5,40.42625,-86.92644,1519894980,36,64,305.1216709,658.4174953
5,40.42625,-86.92644,1519894995,36,64,305.1216709,658.4174953
5,40.42626,-86.926445,1519895010,36,65,305.1216709,668.5964211
5,40.42625,-86.92642,1519895025,36,64,305.1216709,658.4174953
5,40.42625,-86.92644,1519895040,36,64,305.1216709,658.4174953
5,40.42625,-86.92642,1519895055,36,64,305.1216709,658.4174953
5,40.426258,-86.926445,1519895070,36,64,305.1216709,658.4174953
5,40.426285,-86.92648,1519895085,35,65,296.7621731,668.5964211
5,40.426285,-86.92648,1519895100,35,65,296.7621731,668.5964211
5,40.42628,-86.92647,1519895115,35,65,296.7621731,668.5964211
5,40.42629,-86.92648,1519895130,35,65,296.7621731,668.5964211
5,40.426292,-86.92648,1519895145,35,65,296.7621731,668.5964211
5,40.42629,-86.92648,1519895160,35,65,296.7621731,668.5964211
5,40.426304,-86.92649,1519895175,35,65,296.7621731,668.5964211
5,40.426296,-86.92649,1519895190,35,65,296.7621731,668.5964211
5,40.426304,-86.92649,1519895205,35,65,296.7621731,668.5964211
5,40.42629,-86.92648,1519895220,35,65,296.7621731,668.5964211
5,40.42628,-86.92646,1519895235,35,65,296.7621731,668.5964211
5,40.426258,-86.926445,1519895250,36,64,305.1216709,658.4174953
5,40.426296,-86.92649,1519895265,35,65,296.7621731,668.5964211
5,40.426308,-86.9265,1519895280,35,65,296.7621731,668.5964211
5,40.426285,-86.92648,1519895295,35,65,296.7621731,668.5964211
5,40.42629,-86.92648,1519895310,35,65,296.7621731,668.5964211
5,40.42629,-86.92648,1519895325,35,65,296.7621731,668.5964211
5,40.42629,-86.92648,1519895340,35,65,296.7621731,668.5964211
5,40.426285,-86.92648,1519895355,35,65,296.7621731,668.5964211
5,40.426258,-86.926445,1519895370,36,64,305.1216709,658.4174953
5,40.426258,-86.926445,1519895385,36,64,305.1216709,658.4174953
5,40.426258,-86.926445,1519895400,36,64,305.1216709,658.4174953
5,40.426258,-86.926445,1519895415,36,64,305.1216709,658.4174953
5,40.426258,-86.926445,1519895430,36,64,305.1216709,658.4174953
5,40.426258,-86.926445,1519895445,36,64,305.1216709,658.4174953
5,40.426258,-86.926445,1519895460,36,64,305.1216709,658.4174953
5,40.426258,-86.926445,1519895475,36,64,305.1216709,658.4174953
5,40.426258,-86.926445,1519895490,36,64,305.1216709,658.4174953
5,40.42627,-86.92645,1519895505,36,65,305.1216709,668.5964211
5,40.42627,-86.92645,1519895520,36,65,305.1216709,668.5964211
5,40.42627,-86.926445,1519895535,36,65,305.1216709,668.5964211
5,40.42627,-86.926445,1519895550,36,65,305.1216709,668.5964211
5,40.426258,-86.926445,1519895565,36,64,305.1216709,658.4174953
5,40.426258,-86.926445,1519895580,36,64,305.1216709,658.4174953
5,40.426258,-86.926445,1519895595,36,64,305.1216709,658.4174953
5,40.42628,-86.92647,1519895610,35,65,296.7621731,668.5964211
5,40.42628,-86.92647,1519895625,35,65,296.7621731,668.5964211
5,40.42628,-86.92646,1519895640,35,65,296.7621731,668.5964211
5,40.42628,-86.92646,1519895655,35,65,296.7621731,668.5964211
5,40.42628,-86.92646,1519895670,35,65,296.7621731,668.5964211
5,40.42629,-86.92648,1519895685,35,65,296.7621731,668.5964211
5,40.42629,-86.92648,1519895700,35,65,296.7621731,668.5964211
5,40.42629,-86.92648,1519895715,35,65,296.7621731,668.5964211
5,40.42629,-86.92648,1519895730,35,65,296.7621731,668.5964211
5,40.426292,-86.92648,1519895745,35,65,296.7621731,668.5964211
5,40.426292,-86.92648,1519895760,35,65,296.7621731,668.5964211
5,40.426292,-86.92648,1519895775,35,65,296.7621731,668.5964211
5,40.426292,-86.92648,1519895790,35,65,296.7621731,668.5964211
5,40.426292,-86.92648,1519895805,35,65,296.7621731,668.5964211
5,40.426292,-86.92648,1519895820,35,65,296.7621731,668.5964211
5,40.426285,-86.92648,1519895835,35,65,296.7621731,668.5964211
5,40.426285,-86.92648,1519895850,35,65,296.7621731,668.5964211
5,40.426285,-86.92647,1519895865,35,65,296.7621731,668.5964211
5,40.426285,-86.92647,1519895880,35,65,296.7621731,668.5964211
5,40.426258,-86.926445,1519895895,36,64,305.1216709,658.4174953
5,40.426258,-86.926445,1519895910,36,64,305.1216709,658.4174953
5,40.426258,-86.926445,1519895925,36,64,305.1216709,658.4174953
5,40.42628,-86.92645,1519895940,36,65,305.1216709,668.5964211
5,40.426258,-86.926445,1519895955,36,64,305.1216709,658.4174953
5,40.426258,-86.926445,1519895970,36,64,305.1216709,658.4174953
5,40.426258,-86.926445,1519895985,36,64,305.1216709,658.4174953
5,40.42629,-86.92648,1519896000,35,65,296.7621731,668.5964211
5,40.42629,-86.92648,1519896015,35,65,296.7621731,668.5964211
5,40.42629,-86.92648,1519896030,35,65,296.7621731,668.5964211
5,40.426285,-86.92648,1519896045,35,65,296.7621731,668.5964211
5,40.426285,-86.92648,1519896060,35,65,296.7621731,668.5964211
5,40.426285,-86.92648,1519896075,35,65,296.7621731,668.5964211
5,40.426304,-86.92649,1519896090,35,65,296.7621731,668.5964211
5,40.426304,-86.92649,1519896105,35,65,296.7621731,668.5964211
5,40.426292,-86.92648,1519896120,35,65,296.7621731,668.5964211
5,40.426292,-86.92648,1519896135,35,65,296.7621731,668.5964211
5,40.426258,-86.926445,1519896150,36,64,305.1216709,658.4174953
5,40.426258,-86.926445,1519896165,36,64,305.1216709,658.4174953
5,40.426258,-86.926445,1519896180,36,64,305.1216709,658.4174953
5,40.426258,-86.926445,1519896195,36,64,305.1216709,658.4174953
5,40.426258,-86.926445,1519896210,36,64,305.1216709,658.4174953
5,40.426258,-86.926445,1519896225,36,64,305.1216709,658.4174953
5,40.426285,-86.92648,1519896240,35,65,296.7621731,668.5964211
5,40.426285,-86.92648,1519896255,35,65,296.7621731,668.5964211
5,40.426285,-86.92648,1519896270,35,65,296.7621731,668.5964211
5,40.426285,-86.92648,1519896285,35,65,296.7621731,668.5964211
5,40.426285,-86.92648,1519896300,35,65,296.7621731,668.5964211
5,40.426285,-86.92648,1519896315,35,65,296.7621731,668.5964211
5,40.42629,-86.92648,1519896330,35,65,296.7621731,668.5964211
5,40.42629,-86.92648,1519896345,35,65,296.7621731,668.5964211
5,40.42631,-86.926506,1519896360,35,65,296.7621731,668.5964211
5,40.42631,-86.926506,1519896375,35,65,296.7621731,668.5964211
5,40.42631,-86.926506,1519896390,35,65,296.7621731,668.5964211
5,40.426285,-86.92648,1519896405,35,65,296.7621731,668.5964211
5,40.426285,-86.92648,1519896420,35,65,296.7621731,668.5964211
5,40.42629,-86.92648,1519896435,35,65,296.7621731,668.5964211
5,40.42629,-86.92648,1519896450,35,65,296.7621731,668.5964211
5,40.426285,-86.92648,1519896465,35,65,296.7621731,668.5964211
5,40.426285,-86.92648,1519896480,35,65,296.7621731,668.5964211
5,40.426285,-86.92648,1519896495,35,65,296.7621731,668.5964211
5,40.42631,-86.926506,1519896510,35,65,296.7621731,668.5964211
5,40.42631,-86.926506,1519896525,35,65,296.7621731,668.5964211
5,40.426285,-86.92648,1519896540,35,65,296.7621731,668.5964211
5,40.426285,-86.92648,1519896555,35,65,296.7621731,668.5964211
5,40.426285,-86.92648,1519896570,35,65,296.7621731,668.5964211
5,40.426285,-86.92648,1519896585,35,65,296.7621731,668.5964211
5,40.426285,-86.92648,1519896600,35,65,296.7621731,668.5964211
6,40.42601,-86.92532,1519894800,47,62,397.0761471,638.0596439
6,40.42601,-86.92532,1519894815,47,62,397.0761471,638.0596439
6,40.426548,-86.92528,1519894830,47,68,397.0761471,699.1331983
6,40.426586,-86.92528,1519894845,47,68,397.0761471,699.1331983
6,40.42659,-86.92566,1519894860,44,68,371.9976536,699.1331983
6,40.426537,-86.9253,1519894875,47,68,397.0761471,699.1331983
6,40.426525,-86.92532,1519894890,47,67,397.0761471,688.9542726
6,40.426525,-86.92532,1519894905,47,67,397.0761471,688.9542726
6,40.426537,-86.9254,1519894920,46,68,388.7166492,699.1331983
6,40.426537,-86.9254,1519894935,46,68,388.7166492,699.1331983
6,40.426556,-86.92499,1519894950,50,68,422.1546406,699.1331983
6,40.426556,-86.92499,1519894965,50,68,422.1546406,699.1331983
6,40.426556,-86.92499,1519894980,50,68,422.1546406,699.1331983
6,40.4265,-86.92493,1519894995,51,67,430.5141384,688.9542726
6,40.4265,-86.92493,1519895010,51,67,430.5141384,688.9542726
6,40.42607,-86.92324,1519895025,68,62,572.6256016,638.0596439
6,40.42607,-86.92324,1519895040,68,62,572.6256016,638.0596439
6,40.42607,-86.92324,1519895055,68,62,572.6256016,638.0596439
6,40.426437,-86.925,1519895070,50,66,422.1546406,678.7753468
6,40.426437,-86.925,1519895085,50,66,422.1546406,678.7753468
6,40.426487,-86.924995,1519895100,50,67,422.1546406,688.9542726
6,40.426483,-86.92497,1519895115,51,67,430.5141384,688.9542726
6,40.426483,-86.92497,1519895130,51,67,430.5141384,688.9542726
6,40.426437,-86.92521,1519895145,48,66,405.4356449,678.7753468
6,40.426437,-86.92521,1519895160,48,66,405.4356449,678.7753468
6,40.426437,-86.92521,1519895175,48,66,405.4356449,678.7753468
6,40.426456,-86.92511,1519895190,49,67,413.7951427,688.9542726
6,40.42646,-86.924995,1519895205,50,67,422.1546406,688.9542726
6,40.426537,-86.925026,1519895220,50,68,422.1546406,699.1331983
6,40.426537,-86.925026,1519895235,50,68,422.1546406,699.1331983
6,40.426506,-86.92504,1519895250,50,67,422.1546406,688.9542726
6,40.426506,-86.92504,1519895265,50,67,422.1546406,688.9542726
6,40.426506,-86.92504,1519895280,50,67,422.1546406,688.9542726
6,40.426544,-86.92486,1519895295,52,68,438.8736362,699.1331983
6,40.426544,-86.92486,1519895310,52,68,438.8736362,699.1331983
6,40.426575,-86.92484,1519895325,52,68,438.8736362,699.1331983
6,40.426575,-86.92484,1519895340,52,68,438.8736362,699.1331983
6,40.426567,-86.92487,1519895355,52,68,438.8736362,699.1331983
6,40.426567,-86.92487,1519895370,52,68,438.8736362,699.1331983
6,40.42658,-86.92486,1519895385,52,68,438.8736362,699.1331983
6,40.42658,-86.92486,1519895400,52,68,438.8736362,699.1331983
6,40.42658,-86.92486,1519895415,52,68,438.8736362,699.1331983
6,40.42658,-86.92486,1519895430,52,68,438.8736362,699.1331983
6,40.42658,-86.92487,1519895445,52,68,438.8736362,699.1331983
6,40.426426,-86.92504,1519895460,50,66,422.1546406,678.7753468
6,40.42658,-86.9249,1519895475,51,68,430.5141384,699.1331983
6,40.426693,-86.924355,1519895490,57,69,480.6711254,709.312124
6,40.426693,-86.924355,1519895505,57,69,480.6711254,709.312124
6,40.426693,-86.924355,1519895520,57,69,480.6711254,709.312124
6,40.426464,-86.92505,1519895535,50,67,422.1546406,688.9542726
6,40.426464,-86.92505,1519895550,50,67,422.1546406,688.9542726
6,40.42651,-86.92452,1519895565,55,67,463.9521297,688.9542726
6,40.42651,-86.92452,1519895580,55,67,463.9521297,688.9542726
6,40.42651,-86.92452,1519895595,55,67,463.9521297,688.9542726
6,40.42658,-86.9246,1519895610,54,68,455.5926319,699.1331983
6,40.42658,-86.9246,1519895625,54,68,455.5926319,699.1331983
6,40.426785,-86.92502,1519895640,50,70,422.1546406,719.4910498
6,40.426785,-86.92502,1519895655,50,70,422.1546406,719.4910498
6,40.426785,-86.92502,1519895670,50,70,422.1546406,719.4910498
6,40.42657,-86.92451,1519895685,55,68,463.9521297,699.1331983
6,40.42657,-86.92451,1519895700,55,68,463.9521297,699.1331983
6,40.42657,-86.92451,1519895715,55,68,463.9521297,699.1331983
6,40.42698,-86.924995,1519895730,50,72,422.1546406,739.8489012
6,40.42698,-86.924995,1519895745,50,72,422.1546406,739.8489012
6,40.426476,-86.92514,1519895760,49,67,413.7951427,688.9542726
6,40.426468,-86.925125,1519895775,49,67,413.7951427,688.9542726
6,40.42647,-86.92521,1519895790,48,67,405.4356449,688.9542726
6,40.426464,-86.925095,1519895805,49,67,413.7951427,688.9542726
6,40.426464,-86.925095,1519895820,49,67,413.7951427,688.9542726
6,40.426464,-86.925095,1519895835,49,67,413.7951427,688.9542726
6,40.426468,-86.925064,1519895850,50,67,422.1546406,688.9542726
6,40.426537,-86.9251,1519895865,49,68,413.7951427,699.1331983
6,40.426582,-86.92499,1519895880,50,68,422.1546406,699.1331983
6,40.42661,-86.92488,1519895895,51,68,430.5141384,699.1331983
6,40.42661,-86.92488,1519895910,51,68,430.5141384,699.1331983
6,40.42661,-86.92488,1519895925,51,68,430.5141384,699.1331983
6,40.42661,-86.92488,1519895940,51,68,430.5141384,699.1331983
6,40.426582,-86.92504,1519895955,50,68,422.1546406,699.1331983
6,40.42658,-86.925095,1519895970,49,68,413.7951427,699.1331983
6,40.42658,-86.925095,1519895985,49,68,413.7951427,699.1331983
6,40.42658,-86.925095,1519896000,49,68,413.7951427,699.1331983
6,40.426575,-86.92508,1519896015,49,68,413.7951427,699.1331983
6,40.426575,-86.92508,1519896030,49,68,413.7951427,699.1331983
6,40.426575,-86.92508,1519896045,49,68,413.7951427,699.1331983
6,40.426483,-86.9252,1519896060,48,67,405.4356449,688.9542726
6,40.426483,-86.9252,1519896075,48,67,405.4356449,688.9542726
6,40.426575,-86.925186,1519896090,48,68,405.4356449,699.1331983
6,40.426575,-86.925186,1519896105,48,68,405.4356449,699.1331983
6,40.426483,-86.92504,1519896120,50,67,422.1546406,688.9542726
6,40.426468,-86.92501,1519896135,50,67,422.1546406,688.9542726
6,40.426468,-86.92501,1519896150,50,67,422.1546406,688.9542726
6,40.42658,-86.92522,1519896165,48,68,405.4356449,699.1331983
6,40.42658,-86.92522,1519896180,48,68,405.4356449,699.1331983
6,40.426563,-86.92523,1519896195,48,68,405.4356449,699.1331983
6,40.426563,-86.92523,1519896210,48,68,405.4356449,699.1331983
6,40.426563,-86.92523,1519896225,48,68,405.4356449,699.1331983
6,40.426563,-86.92523,1519896240,48,68,405.4356449,699.1331983
6,40.426548,-86.924805,1519896255,52,68,438.8736362,699.1331983
6,40.426548,-86.924805,1519896270,52,68,438.8736362,699.1331983
6,40.426815,-86.923935,1519896285,61,71,514.1091167,729.6699755
6,40.426815,-86.923935,1519896300,61,71,514.1091167,729.6699755
6,40.426746,-86.92413,1519896315,59,70,497.3901211,719.4910498
6,40.426743,-86.92419,1519896330,58,70,489.0306232,719.4910498
6,40.42649,-86.92499,1519896345,50,67,422.1546406,688.9542726
6,40.4265,-86.92511,1519896360,49,67,413.7951427,688.9542726
6,40.426502,-86.92511,1519896375,49,67,413.7951427,688.9542726
6,40.426502,-86.92507,1519896390,50,67,422.1546406,688.9542726
6,40.426502,-86.92507,1519896405,50,67,422.1546406,688.9542726
6,40.42615,-86.92493,1519896420,51,63,430.5141384,648.2385696
6,40.42615,-86.92493,1519896435,51,63,430.5141384,648.2385696
6,40.42646,-86.924965,1519896450,51,67,430.5141384,688.9542726
6,40.426464,-86.92495,1519896465,51,67,430.5141384,688.9542726
6,40.426464,-86.92495,1519896480,51,67,430.5141384,688.9542726
6,40.426643,-86.924706,1519896495,53,69,447.2331341,709.312124
6,40.426643,-86.924706,1519896510,53,69,447.2331341,709.312124
6,40.426643,-86.924706,1519896525,53,69,447.2331341,709.312124
6,40.426437,-86.92438,1519896540,57,66,480.6711254,678.7753468
6,40.426437,-86.92438,1519896555,57,66,480.6711254,678.7753468
6,40.426437,-86.92438,1519896570,57,66,480.6711254,678.7753468
6,40.426647,-86.924515,1519896585,55,69,463.9521297,709.312124
6,40.426647,-86.924515,1519896600,55,69,463.9521297,709.312124
7,40.426617,-86.919685,1519894800,104,68,873.5675236,699.1331983
7,40.426632,-86.91973,1519894815,104,69,873.5675236,709.312124
7,40.426632,-86.91973,1519894830,104,69,873.5675236,709.312124
7,40.426617,-86.91974,1519894845,104,68,873.5675236,699.1331983
7,40.426617,-86.919685,1519894860,104,68,873.5675236,699.1331983
7,40.426617,-86.919685,1519894875,104,68,873.5675236,699.1331983
7,40.426617,-86.919685,1519894890,104,68,873.5675236,699.1331983
7,40.426617,-86.919685,1519894905,104,68,873.5675236,699.1331983
7,40.426617,-86.919685,1519894920,104,68,873.5675236,699.1331983
7,40.426617,-86.919685,1519894935,104,68,873.5675236,699.1331983
7,40.426617,-86.919685,1519894950,104,68,873.5675236,699.1331983
7,40.426617,-86.919685,1519894965,104,68,873.5675236,699.1331983
7,40.426617,-86.919685,1519894980,104,68,873.5675236,699.1331983
7,40.426617,-86.919685,1519894995,104,68,873.5675236,699.1331983
7,40.426617,-86.919685,1519895010,104,68,873.5675236,699.1331983
7,40.426617,-86.919685,1519895025,104,68,873.5675236,699.1331983
7,40.426617,-86.919685,1519895040,104,68,873.5675236,699.1331983
7,40.426617,-86.919685,1519895055,104,68,873.5675236,699.1331983
7,40.426617,-86.919685,1519895070,104,68,873.5675236,699.1331983
7,40.426617,-86.919685,1519895085,104,68,873.5675236,699.1331983
7,40.426617,-86.919685,1519895100,104,68,873.5675236,699.1331983
7,40.426617,-86.919685,1519895115,104,68,873.5675236,699.1331983
7,40.426617,-86.919685,1519895130,104,68,873.5675236,699.1331983
7,40.426617,-86.919685,1519895145,104,68,873.5675236,699.1331983
7,40.426617,-86.919685,1519895160,104,68,873.5675236,699.1331983
7,40.426617,-86.919685,1519895175,104,68,873.5675236,699.1331983
7,40.426617,-86.919685,1519895190,104,68,873.5675236,699.1331983
7,40.426617,-86.919685,1519895205,104,68,873.5675236,699.1331983
7,40.426617,-86.919685,1519895220,104,68,873.5675236,699.1331983
7,40.426617,-86.919685,1519895235,104,68,873.5675236,699.1331983
7,40.42662,-86.91972,1519895250,104,68,873.5675236,699.1331983
7,40.42663,-86.91975,1519895265,104,69,873.5675236,709.312124
7,40.426636,-86.919754,1519895280,104,69,873.5675236,709.312124
7,40.426636,-86.919754,1519895295,104,69,873.5675236,709.312124
7,40.426636,-86.919754,1519895310,104,69,873.5675236,709.312124
7,40.426636,-86.919754,1519895325,104,69,873.5675236,709.312124
7,40.426636,-86.919754,1519895340,104,69,873.5675236,709.312124
7,40.426636,-86.919754,1519895355,104,69,873.5675236,709.312124
7,40.426636,-86.919754,1519895370,104,69,873.5675236,709.312124
7,40.426636,-86.919754,1519895385,104,69,873.5675236,709.312124
7,40.426636,-86.919754,1519895400,104,69,873.5675236,709.312124
7,40.426636,-86.919754,1519895415,104,69,873.5675236,709.312124
7,40.426636,-86.919754,1519895430,104,69,873.5675236,709.312124
7,40.426636,-86.919754,1519895445,104,69,873.5675236,709.312124
7,40.426636,-86.919754,1519895460,104,69,873.5675236,709.312124
7,40.426624,-86.91972,1519895475,104,68,873.5675236,699.1331983
7,40.426617,-86.91972,1519895490,104,68,873.5675236,699.1331983
7,40.426617,-86.91972,1519895505,104,68,873.5675236,699.1331983
7,40.426617,-86.91972,1519895520,104,68,873.5675236,699.1331983
7,40.426617,-86.91972,1519895535,104,68,873.5675236,699.1331983
7,40.426617,-86.91972,1519895550,104,68,873.5675236,699.1331983
7,40.426617,-86.91972,1519895565,104,68,873.5675236,699.1331983
7,40.426617,-86.91972,1519895580,104,68,873.5675236,699.1331983
7,40.426617,-86.91972,1519895595,104,68,873.5675236,699.1331983
7,40.426617,-86.91972,1519895610,104,68,873.5675236,699.1331983
7,40.426617,-86.91972,1519895625,104,68,873.5675236,699.1331983
7,40.426605,-86.91962,1519895640,105,68,881.9270214,699.1331983
7,40.426605,-86.91962,1519895655,105,68,881.9270214,699.1331983
7,40.42663,-86.919624,1519895670,105,69,881.9270214,709.312124
7,40.42663,-86.919624,1519895685,105,69,881.9270214,709.312124
7,40.42663,-86.919624,1519895700,105,69,881.9270214,709.312124
7,40.42663,-86.919624,1519895715,105,69,881.9270214,709.312124
7,40.42663,-86.919624,1519895730,105,69,881.9270214,709.312124
7,40.42663,-86.919624,1519895745,105,69,881.9270214,709.312124
7,40.42663,-86.919624,1519895760,105,69,881.9270214,709.312124
7,40.42663,-86.919624,1519895775,105,69,881.9270214,709.312124
7,40.42663,-86.919624,1519895790,105,69,881.9270214,709.312124
7,40.42663,-86.919624,1519895805,105,69,881.9270214,709.312124
7,40.42663,-86.919624,1519895820,105,69,881.9270214,709.312124
7,40.42663,-86.919624,1519895835,105,69,881.9270214,709.312124
7,40.42663,-86.919624,1519895850,105,69,881.9270214,709.312124
7,40.42663,-86.919624,1519895865,105,69,881.9270214,709.312124
7,40.426636,-86.91977,1519895880,103,69,865.2080257,709.312124
7,40.426636,-86.91977,1519895895,103,69,865.2080257,709.312124
7,40.426636,-86.91977,1519895910,103,69,865.2080257,709.312124
7,40.426636,-86.91977,1519895925,103,69,865.2080257,709.312124
7,40.426636,-86.91977,1519895940,103,69,865.2080257,709.312124
7,40.426636,-86.91977,1519895955,103,69,865.2080257,709.312124
7,40.426636,-86.91977,1519895970,103,69,865.2080257,709.312124
7,40.426636,-86.91977,1519895985,103,69,865.2080257,709.312124
7,40.426636,-86.91977,1519896000,103,69,865.2080257,709.312124
7,40.426636,-86.91977,1519896015,103,69,865.2080257,709.312124
7,40.426636,-86.91977,1519896030,103,69,865.2080257,709.312124
7,40.426636,-86.91977,1519896045,103,69,865.2080257,709.312124
7,40.426636,-86.91977,1519896060,103,69,865.2080257,709.312124
7,40.426636,-86.91977,1519896075,103,69,865.2080257,709.312124
7,40.426613,-86.91976,1519896090,103,68,865.2080257,699.1331983
7,40.426613,-86.91976,1519896105,103,68,865.2080257,699.1331983
7,40.426613,-86.91976,1519896120,103,68,865.2080257,699.1331983
7,40.426613,-86.91976,1519896135,103,68,865.2080257,699.1331983
7,40.426613,-86.91976,1519896150,103,68,865.2080257,699.1331983
7,40.426613,-86.91976,1519896165,103,68,865.2080257,699.1331983
7,40.426613,-86.91976,1519896180,103,68,865.2080257,699.1331983
7,40.426613,-86.91976,1519896195,103,68,865.2080257,699.1331983
7,40.426613,-86.91976,1519896210,103,68,865.2080257,699.1331983
7,40.426613,-86.91976,1519896225,103,68,865.2080257,699.1331983
7,40.426613,-86.91976,1519896240,103,68,865.2080257,699.1331983
7,40.426613,-86.91976,1519896255,103,68,865.2080257,699.1331983
7,40.426636,-86.91978,1519896270,103,69,865.2080257,709.312124
7,40.426636,-86.91978,1519896285,103,69,865.2080257,709.312124
7,40.426617,-86.919785,1519896300,103,68,865.2080257,699.1331983
7,40.426613,-86.919785,1519896315,103,68,865.2080257,699.1331983
7,40.426613,-86.919785,1519896330,103,68,865.2080257,699.1331983
7,40.426613,-86.919785,1519896345,103,68,865.2080257,699.1331983
7,40.426613,-86.919785,1519896360,103,68,865.2080257,699.1331983
7,40.426613,-86.919785,1519896375,103,68,865.2080257,699.1331983
7,40.426613,-86.919785,1519896390,103,68,865.2080257,699.1331983
7,40.426613,-86.919785,1519896405,103,68,865.2080257,699.1331983
7,40.426613,-86.919785,1519896420,103,68,865.2080257,699.1331983
7,40.426613,-86.919785,1519896435,103,68,865.2080257,699.1331983
7,40.42669,-86.91974,1519896450,104,69,873.5675236,709.312124
7,40.4269,-86.920105,1519896465,100,72,840.1295322,739.8489012
7,40.426975,-86.919914,1519896480,102,72,856.8485279,739.8489012
7,40.426975,-86.919914,1519896495,102,72,856.8485279,739.8489012
7,40.426975,-86.919914,1519896510,102,72,856.8485279,739.8489012
7,40.426975,-86.919914,1519896525,102,72,856.8485279,739.8489012
7,40.426975,-86.919914,1519896540,102,72,856.8485279,739.8489012
7,40.426975,-86.919914,1519896555,102,72,856.8485279,739.8489012
7,40.426975,-86.919914,1519896570,102,72,856.8485279,739.8489012
7,40.426975,-86.919914,1519896585,102,72,856.8485279,739.8489012
7,40.426975,-86.919914,1519896600,102,72,856.8485279,739.8489012
8,40.428963,-86.91194,1519894800,183,94,1533.967852,963.7852674
8,40.428974,-86.911964,1519894815,183,94,1533.967852,963.7852674
8,40.42897,-86.91194,1519894830,183,94,1533.967852,963.7852674
8,40.428997,-86.911995,1519894845,182,94,1525.608355,963.7852674
8,40.428997,-86.912,1519894860,182,94,1525.608355,963.7852674
8,40.428974,-86.911964,1519894875,183,94,1533.967852,963.7852674
8,40.42897,-86.91194,1519894890,183,94,1533.967852,963.7852674
8,40.428978,-86.911964,1519894905,183,94,1533.967852,963.7852674
8,40.428974,-86.911964,1519894920,183,94,1533.967852,963.7852674
8,40.428974,-86.911964,1519894935,183,94,1533.967852,963.7852674
8,40.428974,-86.91196,1519894950,183,94,1533.967852,963.7852674
8,40.428974,-86.911964,1519894965,183,94,1533.967852,963.7852674
8,40.42897,-86.91194,1519894980,183,94,1533.967852,963.7852674
8,40.428978,-86.911964,1519894995,183,94,1533.967852,963.7852674
8,40.42897,-86.91194,1519895010,183,94,1533.967852,963.7852674
8,40.428963,-86.91194,1519895025,183,94,1533.967852,963.7852674
8,40.428997,-86.912,1519895040,182,94,1525.608355,963.7852674
8,40.42897,-86.91195,1519895055,183,94,1533.967852,963.7852674
8,40.428997,-86.912,1519895070,182,94,1525.608355,963.7852674
8,40.428978,-86.911964,1519895085,183,94,1533.967852,963.7852674
8,40.428978,-86.911964,1519895100,183,94,1533.967852,963.7852674
8,40.428978,-86.911964,1519895115,183,94,1533.967852,963.7852674
8,40.428997,-86.912,1519895130,182,94,1525.608355,963.7852674
8,40.428974,-86.911964,1519895145,183,94,1533.967852,963.7852674
8,40.428997,-86.91199,1519895160,182,94,1525.608355,963.7852674
8,40.42897,-86.91195,1519895175,183,94,1533.967852,963.7852674
8,40.428997,-86.912,1519895190,182,94,1525.608355,963.7852674
8,40.428978,-86.911964,1519895205,183,94,1533.967852,963.7852674
8,40.428974,-86.911964,1519895220,183,94,1533.967852,963.7852674
8,40.428997,-86.912,1519895235,182,94,1525.608355,963.7852674
8,40.428997,-86.912,1519895250,182,94,1525.608355,963.7852674
8,40.428997,-86.912,1519895265,182,94,1525.608355,963.7852674
8,40.428997,-86.91201,1519895280,182,94,1525.608355,963.7852674
8,40.428997,-86.91201,1519895295,182,94,1525.608355,963.7852674
8,40.42899,-86.911995,1519895310,182,94,1525.608355,963.7852674
8,40.42899,-86.911995,1519895325,182,94,1525.608355,963.7852674
8,40.428997,-86.912,1519895340,182,94,1525.608355,963.7852674
8,40.428997,-86.912,1519895355,182,94,1525.608355,963.7852674
8,40.428978,-86.91198,1519895370,182,94,1525.608355,963.7852674
8,40.428978,-86.91199,1519895385,182,94,1525.608355,963.7852674
8,40.428997,-86.912,1519895400,182,94,1525.608355,963.7852674
8,40.428978,-86.91199,1519895415,182,94,1525.608355,963.7852674
8,40.428997,-86.91199,1519895430,182,94,1525.608355,963.7852674
8,40.428997,-86.91201,1519895445,182,94,1525.608355,963.7852674
8,40.428978,-86.911964,1519895460,183,94,1533.967852,963.7852674
8,40.428978,-86.91199,1519895475,182,94,1525.608355,963.7852674
8,40.428997,-86.912,1519895490,182,94,1525.608355,963.7852674
8,40.428997,-86.912,1519895505,182,94,1525.608355,963.7852674
8,40.428978,-86.91198,1519895520,182,94,1525.608355,963.7852674
8,40.428974,-86.911964,1519895535,183,94,1533.967852,963.7852674
8,40.428978,-86.911964,1519895550,183,94,1533.967852,963.7852674
8,40.428936,-86.911865,1519895565,184,94,1542.32735,963.7852674
8,40.428936,-86.91186,1519895580,184,94,1542.32735,963.7852674
8,40.428955,-86.91194,1519895595,183,94,1533.967852,963.7852674
8,40.428978,-86.911964,1519895610,183,94,1533.967852,963.7852674
8,40.428978,-86.911964,1519895625,183,94,1533.967852,963.7852674
8,40.428997,-86.912,1519895640,182,94,1525.608355,963.7852674
8,40.428936,-86.911865,1519895655,184,94,1542.32735,963.7852674
8,40.42894,-86.91187,1519895670,184,94,1542.32735,963.7852674
8,40.42897,-86.91195,1519895685,183,94,1533.967852,963.7852674
8,40.42894,-86.91187,1519895700,184,94,1542.32735,963.7852674
8,40.428936,-86.911865,1519895715,184,94,1542.32735,963.7852674
8,40.428997,-86.912,1519895730,182,94,1525.608355,963.7852674
8,40.428997,-86.912,1519895745,182,94,1525.608355,963.7852674
8,40.428997,-86.91201,1519895760,182,94,1525.608355,963.7852674
8,40.428997,-86.912,1519895775,182,94,1525.608355,963.7852674
8,40.428936,-86.911865,1519895790,184,94,1542.32735,963.7852674
8,40.42897,-86.91195,1519895805,183,94,1533.967852,963.7852674
8,40.42894,-86.911865,1519895820,184,94,1542.32735,963.7852674
8,40.428997,-86.91201,1519895835,182,94,1525.608355,963.7852674
8,40.42897,-86.91194,1519895850,183,94,1533.967852,963.7852674
8,40.428978,-86.91198,1519895865,182,94,1525.608355,963.7852674
8,40.42897,-86.91195,1519895880,183,94,1533.967852,963.7852674
8,40.428936,-86.911865,1519895895,184,94,1542.32735,963.7852674
8,40.428936,-86.911865,1519895910,184,94,1542.32735,963.7852674
8,40.428963,-86.91194,1519895925,183,94,1533.967852,963.7852674
8,40.428997,-86.911995,1519895940,182,94,1525.608355,963.7852674
8,40.42899,-86.911995,1519895955,182,94,1525.608355,963.7852674
8,40.42897,-86.91194,1519895970,183,94,1533.967852,963.7852674
8,40.428936,-86.911865,1519895985,184,94,1542.32735,963.7852674
8,40.42894,-86.91187,1519896000,184,94,1542.32735,963.7852674
8,40.428978,-86.911964,1519896015,183,94,1533.967852,963.7852674
8,40.42894,-86.91187,1519896030,184,94,1542.32735,963.7852674
8,40.42897,-86.91195,1519896045,183,94,1533.967852,963.7852674
8,40.428978,-86.91199,1519896060,182,94,1525.608355,963.7852674
8,40.428936,-86.911865,1519896075,184,94,1542.32735,963.7852674
8,40.428936,-86.91186,1519896090,184,94,1542.32735,963.7852674
8,40.42894,-86.911865,1519896105,184,94,1542.32735,963.7852674
8,40.42894,-86.911865,1519896120,184,94,1542.32735,963.7852674
8,40.428936,-86.91186,1519896135,184,94,1542.32735,963.7852674
8,40.42899,-86.911995,1519896150,182,94,1525.608355,963.7852674
8,40.428936,-86.91186,1519896165,184,94,1542.32735,963.7852674
8,40.42897,-86.91195,1519896180,183,94,1533.967852,963.7852674
8,40.428978,-86.911964,1519896195,183,94,1533.967852,963.7852674
8,40.428997,-86.912,1519896210,182,94,1525.608355,963.7852674
8,40.429005,-86.91202,1519896225,182,94,1525.608355,963.7852674
8,40.428997,-86.912,1519896240,182,94,1525.608355,963.7852674
8,40.428978,-86.91199,1519896255,182,94,1525.608355,963.7852674
8,40.428978,-86.91198,1519896270,182,94,1525.608355,963.7852674
8,40.428974,-86.911964,1519896285,183,94,1533.967852,963.7852674
8,40.428974,-86.911964,1519896300,183,94,1533.967852,963.7852674
8,40.428997,-86.91199,1519896315,182,94,1525.608355,963.7852674
8,40.428997,-86.912,1519896330,182,94,1525.608355,963.7852674
8,40.428974,-86.911964,1519896345,183,94,1533.967852,963.7852674
8,40.428997,-86.912,1519896360,182,94,1525.608355,963.7852674
8,40.428974,-86.911964,1519896375,183,94,1533.967852,963.7852674
8,40.428978,-86.91199,1519896390,182,94,1525.608355,963.7852674
8,40.42899,-86.911995,1519896405,182,94,1525.608355,963.7852674
8,40.428997,-86.912,1519896420,182,94,1525.608355,963.7852674
8,40.428997,-86.912,1519896435,182,94,1525.608355,963.7852674
8,40.428978,-86.91199,1519896450,182,94,1525.608355,963.7852674
8,40.428974,-86.911964,1519896465,183,94,1533.967852,963.7852674
8,40.428974,-86.911964,1519896480,183,94,1533.967852,963.7852674
8,40.428997,-86.912,1519896495,182,94,1525.608355,963.7852674
8,40.428974,-86.911964,1519896510,183,94,1533.967852,963.7852674
8,40.428997,-86.911995,1519896525,182,94,1525.608355,963.7852674
8,40.428997,-86.912,1519896540,182,94,1525.608355,963.7852674
8,40.428978,-86.91198,1519896555,182,94,1525.608355,963.7852674
8,40.428936,-86.911865,1519896570,184,94,1542.32735,963.7852674
8,40.42897,-86.91194,1519896585,183,94,1533.967852,963.7852674
8,40.428997,-86.912,1519896600,182,94,1525.608355,963.7852674
9,40.42661,-86.92561,1519894800,44,68,371.9976536,699.1331983
9,40.42661,-86.92561,1519894815,44,68,371.9976536,699.1331983
9,40.42661,-86.92561,1519894830,44,68,371.9976536,699.1331983
9,40.426544,-86.9254,1519894845,46,68,388.7166492,699.1331983
9,40.426544,-86.9254,1519894860,46,68,388.7166492,699.1331983
9,40.426544,-86.9254,1519894875,46,68,388.7166492,699.1331983
9,40.426544,-86.9254,1519894890,46,68,388.7166492,699.1331983
9,40.42656,-86.924126,1519894905,59,68,497.3901211,699.1331983
9,40.42656,-86.924126,1519894920,59,68,497.3901211,699.1331983
9,40.42656,-86.924126,1519894935,59,68,497.3901211,699.1331983
9,40.42656,-86.924126,1519894950,59,68,497.3901211,699.1331983
9,40.426605,-86.92479,1519894965,52,68,438.8736362,699.1331983
9,40.426605,-86.92479,1519894980,52,68,438.8736362,699.1331983
9,40.426907,-86.9237,1519894995,63,72,530.8281124,739.8489012
9,40.426556,-86.925095,1519895010,49,68,413.7951427,699.1331983
9,40.426548,-86.92495,1519895025,51,68,430.5141384,699.1331983
9,40.426548,-86.92495,1519895040,51,68,430.5141384,699.1331983
9,40.426598,-86.92502,1519895055,50,68,422.1546406,699.1331983
9,40.426556,-86.92497,1519895070,51,68,430.5141384,699.1331983
9,40.426556,-86.92497,1519895085,51,68,430.5141384,699.1331983
9,40.42631,-86.92576,1519895100,43,65,363.6381557,668.5964211
9,40.42638,-86.92555,1519895115,45,66,380.3571514,678.7753468
9,40.426594,-86.92526,1519895130,48,68,405.4356449,699.1331983
9,40.426594,-86.92526,1519895145,48,68,405.4356449,699.1331983
9,40.4266,-86.9252,1519895160,48,68,405.4356449,699.1331983
9,40.426624,-86.925224,1519895175,48,68,405.4356449,699.1331983
9,40.426624,-86.925224,1519895190,48,68,405.4356449,699.1331983
9,40.426617,-86.925385,1519895205,46,68,388.7166492,699.1331983
9,40.426617,-86.925385,1519895220,46,68,388.7166492,699.1331983
9,40.42657,-86.925285,1519895235,47,68,397.0761471,699.1331983
9,40.42657,-86.925285,1519895250,47,68,397.0761471,699.1331983
9,40.42657,-86.925285,1519895265,47,68,397.0761471,699.1331983
9,40.42676,-86.92453,1519895280,55,70,463.9521297,719.4910498
9,40.42676,-86.92453,1519895295,55,70,463.9521297,719.4910498
9,40.426716,-86.92589,1519895310,41,69,346.9191601,709.312124
9,40.426716,-86.92589,1519895325,41,69,346.9191601,709.312124
9,40.426716,-86.92589,1519895340,41,69,346.9191601,709.312124
9,40.426655,-86.924706,1519895355,53,69,447.2331341,709.312124
9,40.426655,-86.924706,1519895370,53,69,447.2331341,709.312124
9,40.4266,-86.92477,1519895385,53,68,447.2331341,699.1331983
9,40.4266,-86.92477,1519895400,53,68,447.2331341,699.1331983
9,40.4266,-86.92477,1519895415,53,68,447.2331341,699.1331983
9,40.426544,-86.9254,1519895430,46,68,388.7166492,699.1331983
9,40.426544,-86.9254,1519895445,46,68,388.7166492,699.1331983
9,40.426544,-86.9254,1519895460,46,68,388.7166492,699.1331983
9,40.42653,-86.924736,1519895475,53,67,447.2331341,688.9542726
9,40.42653,-86.924736,1519895490,53,67,447.2331341,688.9542726
9,40.42648,-86.92505,1519895505,50,67,422.1546406,688.9542726
9,40.4265,-86.92512,1519895520,49,67,413.7951427,688.9542726
9,40.4265,-86.92512,1519895535,49,67,413.7951427,688.9542726
9,40.4265,-86.92512,1519895550,49,67,413.7951427,688.9542726
9,40.426537,-86.92512,1519895565,49,68,413.7951427,699.1331983
9,40.426537,-86.92512,1519895580,49,68,413.7951427,699.1331983
9,40.426414,-86.92502,1519895595,50,66,422.1546406,678.7753468
9,40.42643,-86.92508,1519895610,49,66,413.7951427,678.7753468
9,40.426476,-86.9251,1519895625,49,67,413.7951427,688.9542726
9,40.426476,-86.9251,1519895640,49,67,413.7951427,688.9542726
9,40.426846,-86.92495,1519895655,51,71,430.5141384,729.6699755
9,40.426773,-86.92518,1519895670,48,70,405.4356449,719.4910498
9,40.42726,-86.9244,1519895685,56,75,472.3116276,770.3856784
9,40.42726,-86.9244,1519895700,56,75,472.3116276,770.3856784
9,40.42726,-86.9244,1519895715,56,75,472.3116276,770.3856784
9,40.426556,-86.92504,1519895730,50,68,422.1546406,699.1331983
9,40.426556,-86.92504,1519895745,50,68,422.1546406,699.1331983
9,40.426987,-86.9245,1519895760,55,72,463.9521297,739.8489012
9,40.426987,-86.9245,1519895775,55,72,463.9521297,739.8489012
9,40.426434,-86.925064,1519895790,50,66,422.1546406,678.7753468
9,40.426434,-86.925064,1519895805,50,66,422.1546406,678.7753468
9,40.426434,-86.925064,1519895820,50,66,422.1546406,678.7753468
9,40.42664,-86.92549,1519895835,45,69,380.3571514,709.312124
9,40.42664,-86.92549,1519895850,45,69,380.3571514,709.312124
9,40.426476,-86.92521,1519895865,48,67,405.4356449,688.9542726
9,40.42668,-86.92422,1519895880,58,69,489.0306232,709.312124
9,40.42668,-86.92422,1519895895,58,69,489.0306232,709.312124
9,40.426624,-86.92442,1519895910,56,68,472.3116276,699.1331983
9,40.426624,-86.92442,1519895925,56,68,472.3116276,699.1331983
9,40.426605,-86.92444,1519895940,56,68,472.3116276,699.1331983
9,40.426605,-86.92444,1519895955,56,68,472.3116276,699.1331983
9,40.426605,-86.92444,1519895970,56,68,472.3116276,699.1331983
9,40.42656,-86.92536,1519895985,47,68,397.0761471,699.1331983
9,40.42655,-86.9254,1519896000,46,68,388.7166492,699.1331983
9,40.42655,-86.92541,1519896015,46,68,388.7166492,699.1331983
9,40.42656,-86.92525,1519896030,48,68,405.4356449,699.1331983
9,40.42656,-86.92525,1519896045,48,68,405.4356449,699.1331983
9,40.42641,-86.925064,1519896060,50,66,422.1546406,678.7753468
9,40.42641,-86.925064,1519896075,50,66,422.1546406,678.7753468
9,40.426617,-86.92407,1519896090,60,68,505.7496189,699.1331983
9,40.426617,-86.92407,1519896105,60,68,505.7496189,699.1331983
9,40.426617,-86.92407,1519896120,60,68,505.7496189,699.1331983
9,40.426617,-86.92407,1519896135,60,68,505.7496189,699.1331983
9,40.426617,-86.92407,1519896150,60,68,505.7496189,699.1331983
9,40.426617,-86.92407,1519896165,60,68,505.7496189,699.1331983
9,40.426514,-86.92536,1519896180,47,67,397.0761471,688.9542726
9,40.426514,-86.92536,1519896195,47,67,397.0761471,688.9542726
9,40.42648,-86.92457,1519896210,55,67,463.9521297,688.9542726
9,40.42648,-86.92457,1519896225,55,67,463.9521297,688.9542726
9,40.42644,-86.92523,1519896240,48,66,405.4356449,678.7753468
9,40.42655,-86.92526,1519896255,48,68,405.4356449,699.1331983
9,40.42655,-86.92526,1519896270,48,68,405.4356449,699.1331983
9,40.42655,-86.92526,1519896285,48,68,405.4356449,699.1331983
9,40.42651,-86.92535,1519896300,47,67,397.0761471,688.9542726
9,40.42651,-86.92535,1519896315,47,67,397.0761471,688.9542726
9,40.426636,-86.92535,1519896330,47,69,397.0761471,709.312124
9,40.426636,-86.92535,1519896345,47,69,397.0761471,709.312124
9,40.426636,-86.92535,1519896360,47,69,397.0761471,709.312124
9,40.426544,-86.92531,1519896375,47,68,397.0761471,699.1331983
9,40.426544,-86.92531,1519896390,47,68,397.0761471,699.1331983
9,40.4265,-86.925354,1519896405,47,67,397.0761471,688.9542726
9,40.42649,-86.92537,1519896420,47,67,397.0761471,688.9542726
9,40.42648,-86.92522,1519896435,48,67,405.4356449,688.9542726
9,40.42651,-86.92512,1519896450,49,67,413.7951427,688.9542726
9,40.426556,-86.92524,1519896465,48,68,405.4356449,699.1331983
9,40.426533,-86.925316,1519896480,47,67,397.0761471,688.9542726
9,40.42649,-86.92536,1519896495,47,67,397.0761471,688.9542726
9,40.426613,-86.926315,1519896510,37,68,313.4811687,699.1331983
9,40.426613,-86.926315,1519896525,37,68,313.4811687,699.1331983
9,40.426613,-86.926315,1519896540,37,68,313.4811687,699.1331983
9,40.42645,-86.924995,1519896555,50,67,422.1546406,688.9542726
9,40.426567,-86.925316,1519896570,47,68,397.0761471,699.1331983
9,40.426723,-86.92492,1519896585,51,70,430.5141384,719.4910498
9,40.426723,-86.92492,1519896600,51,70,430.5141384,719.4910498
