id,timestamp,longitude,latitude,x,x_distance,y,y_distance
0,1519894800,-78.67404264980128,35.77369444213593,2475.0,2238.6024413515415,859.0,953.7667937136264
0,1519894815,-78.67424525192888,35.77346303680877,2455.0,2220.516378403842,836.0,928.2471716207983
0,1519894830,-78.67424525192888,35.77346303680877,2455.0,2220.516378403842,836.0,928.2471716207983
0,1519894845,-78.6741086885765,35.77355753570485,2469.0,2233.1766224672315,845.0,938.2331107006006
0,1519894860,-78.6741086885765,35.77355753570485,2469.0,2233.1766224672315,845.0,938.2331107006006
0,1519894875,-78.67401336446181,35.77364080945838,2478.0,2241.3153507936963,854.0,948.2190497804029
0,1519894890,-78.67401336446181,35.77364080945838,2478.0,2241.3153507936963,854.0,948.2190497804029
0,1519894905,-78.67423883207564,35.77334455634287,2456.0,2221.4206815512266,824.0,914.932586181062
0,1519894920,-78.67423883207564,35.77334455634287,2456.0,2221.4206815512266,824.0,914.932586181062
0,1519894935,-78.67442919204763,35.77298867761415,2437.0,2204.2389217509117,788.0,874.988829861853
0,1519894950,-78.67442919204763,35.77298867761415,2437.0,2204.2389217509117,788.0,874.988829861853
0,1519894965,-78.67465754315023,35.77263659262736,2414.0,2183.439949361057,753.0,836.1546223292887
0,1519894980,-78.67465754315023,35.77263659262736,2414.0,2183.439949361057,753.0,836.1546223292887
0,1519894995,-78.67470237667825,35.772284468189454,2409.0,2178.918433624132,718.0,797.3204147967244
0,1519895010,-78.67470237667825,35.772284468189454,2409.0,2178.918433624132,718.0,797.3204147967244
0,1519895025,-78.6745628667796,35.771998971724514,2423.0,2191.578677687522,689.0,765.1434999840283
0,1519895040,-78.6745628667796,35.771998971724514,2423.0,2191.578677687522,689.0,765.1434999840283
0,1519895055,-78.67421014224294,35.7717235357625,2458.0,2223.2292878459966,662.0,735.1856827446215
0,1519895070,-78.67421014224294,35.7717235357625,2458.0,2223.2292878459966,662.0,735.1856827446215
0,1519895085,-78.67384828810768,35.77182336515524,2495.0,2256.6885042992412,672.0,746.2811706110685
0,1519895100,-78.67384828810768,35.77182336515524,2495.0,2256.6885042992412,672.0,746.2811706110685
0,1519895115,-78.67379318611754,35.771779087046305,2500.0,2261.210020036166,667.0,740.733426677845
0,1519895130,-78.67379318611754,35.771779087046305,2500.0,2261.210020036166,667.0,740.733426677845
0,1519895145,-78.67379318611754,35.771779087046305,2500.0,2261.210020036166,667.0,740.733426677845
0,1519895160,-78.67379318611754,35.771779087046305,2500.0,2261.210020036166,667.0,740.733426677845
0,1519895175,-78.67379318611754,35.771779087046305,2500.0,2261.210020036166,667.0,740.733426677845
0,1519895190,-78.67379318611754,35.771779087046305,2500.0,2261.210020036166,667.0,740.733426677845
0,1519895205,-78.67379318611754,35.771779087046305,2500.0,2261.210020036166,667.0,740.733426677845
0,1519895220,-78.67379318611754,35.771779087046305,2500.0,2261.210020036166,667.0,740.733426677845
0,1519895235,-78.67379318611754,35.771779087046305,2500.0,2261.210020036166,667.0,740.733426677845
0,1519895250,-78.67379318611754,35.771779087046305,2500.0,2261.210020036166,667.0,740.733426677845
0,1519895265,-78.67379318611754,35.771779087046305,2500.0,2261.210020036166,667.0,740.733426677845
0,1519895280,-78.67379318611754,35.771779087046305,2500.0,2261.210020036166,667.0,740.733426677845
0,1519895295,-78.67379318611754,35.771779087046305,2500.0,2261.210020036166,667.0,740.733426677845
0,1519895310,-78.67379318611754,35.771779087046305,2500.0,2261.210020036166,667.0,740.733426677845
0,1519895325,-78.67379318611754,35.771779087046305,2500.0,2261.210020036166,667.0,740.733426677845
0,1519895340,-78.67379318611754,35.771779087046305,2500.0,2261.210020036166,667.0,740.733426677845
0,1519895355,-78.67379318611754,35.771779087046305,2500.0,2261.210020036166,667.0,740.733426677845
0,1519895370,-78.67379318611754,35.771779087046305,2500.0,2261.210020036166,667.0,740.733426677845
0,1519895385,-78.67379318611754,35.771779087046305,2500.0,2261.210020036166,667.0,740.733426677845
0,1519895400,-78.67379318611754,35.771779087046305,2500.0,2261.210020036166,667.0,740.733426677845
0,1519895415,-78.67379318611754,35.771779087046305,2500.0,2261.210020036166,667.0,740.733426677845
0,1519895430,-78.67379318611754,35.771779087046305,2500.0,2261.210020036166,667.0,740.733426677845
0,1519895445,-78.67379318611754,35.771779087046305,2500.0,2261.210020036166,667.0,740.733426677845
0,1519895460,-78.67379318611754,35.771779087046305,2500.0,2261.210020036166,667.0,740.733426677845
0,1519895475,-78.67379318611754,35.771779087046305,2500.0,2261.210020036166,667.0,740.733426677845
0,1519895490,-78.67379318611754,35.771779087046305,2500.0,2261.210020036166,667.0,740.733426677845
0,1519895505,-78.67379318611754,35.771779087046305,2500.0,2261.210020036166,667.0,740.733426677845
0,1519895520,-78.67379318611754,35.771779087046305,2500.0,2261.210020036166,667.0,740.733426677845
0,1519895535,-78.67379318611754,35.771779087046305,2500.0,2261.210020036166,667.0,740.733426677845
0,1519895550,-78.67379318611754,35.771779087046305,2500.0,2261.210020036166,667.0,740.733426677845
0,1519895565,-78.67379318611754,35.771779087046305,2500.0,2261.210020036166,667.0,740.733426677845
0,1519895580,-78.67379318611754,35.771779087046305,2500.0,2261.210020036166,667.0,740.733426677845
0,1519895595,-78.67379318611754,35.771779087046305,2500.0,2261.210020036166,667.0,740.733426677845
0,1519895610,-78.67379318611754,35.771779087046305,2500.0,2261.210020036166,667.0,740.733426677845
0,1519895625,-78.67379318611754,35.771779087046305,2500.0,2261.210020036166,667.0,740.733426677845
0,1519895640,-78.67379318611754,35.771779087046305,2500.0,2261.210020036166,667.0,740.733426677845
0,1519895655,-78.67379318611754,35.771779087046305,2500.0,2261.210020036166,667.0,740.733426677845
0,1519895670,-78.67379318611754,35.771779087046305,2500.0,2261.210020036166,667.0,740.733426677845
0,1519895685,-78.67379318611754,35.771779087046305,2500.0,2261.210020036166,667.0,740.733426677845
0,1519895700,-78.67379318611754,35.771779087046305,2500.0,2261.210020036166,667.0,740.733426677845
0,1519895715,-78.67379318611754,35.771779087046305,2500.0,2261.210020036166,667.0,740.733426677845
0,1519895730,-78.67379318611754,35.771779087046305,2500.0,2261.210020036166,667.0,740.733426677845
0,1519895745,-78.67379318611754,35.771779087046305,2500.0,2261.210020036166,667.0,740.733426677845
0,1519895760,-78.67379318611754,35.771779087046305,2500.0,2261.210020036166,667.0,740.733426677845
0,1519895775,-78.67379318611754,35.771779087046305,2500.0,2261.210020036166,667.0,740.733426677845
0,1519895790,-78.67379318611754,35.771779087046305,2500.0,2261.210020036166,667.0,740.733426677845
0,1519895805,-78.67379318611754,35.771779087046305,2500.0,2261.210020036166,667.0,740.733426677845
0,1519895820,-78.67379318611754,35.771779087046305,2500.0,2261.210020036166,667.0,740.733426677845
0,1519895835,-78.67379318611754,35.771779087046305,2500.0,2261.210020036166,667.0,740.733426677845
0,1519895850,-78.67379318611754,35.771779087046305,2500.0,2261.210020036166,667.0,740.733426677845
0,1519895865,-78.67379318611754,35.771779087046305,2500.0,2261.210020036166,667.0,740.733426677845
0,1519895880,-78.67379318611754,35.771779087046305,2500.0,2261.210020036166,667.0,740.733426677845
0,1519895895,-78.67379318611754,35.771779087046305,2500.0,2261.210020036166,667.0,740.733426677845
0,1519895910,-78.67379318611754,35.771779087046305,2500.0,2261.210020036166,667.0,740.733426677845
0,1519895925,-78.67379318611754,35.771779087046305,2500.0,2261.210020036166,667.0,740.733426677845
0,1519895940,-78.67379318611754,35.771779087046305,2500.0,2261.210020036166,667.0,740.733426677845
0,1519895955,-78.67379318611754,35.771779087046305,2500.0,2261.210020036166,667.0,740.733426677845
0,1519895970,-78.67379318611754,35.771779087046305,2500.0,2261.210020036166,667.0,740.733426677845
0,1519895985,-78.67379318611754,35.771779087046305,2500.0,2261.210020036166,667.0,740.733426677845
0,1519896000,-78.67379318611754,35.771779087046305,2500.0,2261.210020036166,667.0,740.733426677845
0,1519896015,-78.67379318611754,35.771779087046305,2500.0,2261.210020036166,667.0,740.733426677845
0,1519896030,-78.67379318611754,35.771779087046305,2500.0,2261.210020036166,667.0,740.733426677845
0,1519896045,-78.67379318611754,35.771779087046305,2500.0,2261.210020036166,667.0,740.733426677845
0,1519896060,-78.67379318611754,35.771779087046305,2500.0,2261.210020036166,667.0,740.733426677845
0,1519896075,-78.67379318611754,35.771779087046305,2500.0,2261.210020036166,667.0,740.733426677845
0,1519896090,-78.67379318611754,35.771779087046305,2500.0,2261.210020036166,667.0,740.733426677845
0,1519896105,-78.67379318611754,35.771779087046305,2500.0,2261.210020036166,667.0,740.733426677845
0,1519896120,-78.67379318611754,35.771779087046305,2500.0,2261.210020036166,667.0,740.733426677845
0,1519896135,-78.67379318611754,35.771779087046305,2500.0,2261.210020036166,667.0,740.733426677845
0,1519896150,-78.67379318611754,35.771779087046305,2500.0,2261.210020036166,667.0,740.733426677845
0,1519896165,-78.67379318611754,35.771779087046305,2500.0,2261.210020036166,667.0,740.733426677845
0,1519896180,-78.67379318611754,35.771779087046305,2500.0,2261.210020036166,667.0,740.733426677845
0,1519896195,-78.67379318611754,35.771779087046305,2500.0,2261.210020036166,667.0,740.733426677845
0,1519896210,-78.67379318611754,35.771779087046305,2500.0,2261.210020036166,667.0,740.733426677845
0,1519896225,-78.67379318611754,35.771779087046305,2500.0,2261.210020036166,667.0,740.733426677845
0,1519896240,-78.67379318611754,35.771779087046305,2500.0,2261.210020036166,667.0,740.733426677845
0,1519896255,-78.67379318611754,35.771779087046305,2500.0,2261.210020036166,667.0,740.733426677845
0,1519896270,-78.67379318611754,35.771779087046305,2500.0,2261.210020036166,667.0,740.733426677845
0,1519896285,-78.67379318611754,35.771779087046305,2500.0,2261.210020036166,667.0,740.733426677845
0,1519896300,-78.67379318611754,35.771779087046305,2500.0,2261.210020036166,667.0,740.733426677845
0,1519896315,-78.67379318611754,35.771779087046305,2500.0,2261.210020036166,667.0,740.733426677845
0,1519896330,-78.67379318611754,35.771779087046305,2500.0,2261.210020036166,667.0,740.733426677845
0,1519896345,-78.67379318611754,35.771779087046305,2500.0,2261.210020036166,667.0,740.733426677845
0,1519896360,-78.67379318611754,35.771779087046305,2500.0,2261.210020036166,667.0,740.733426677845
0,1519896375,-78.67379318611754,35.771779087046305,2500.0,2261.210020036166,667.0,740.733426677845
0,1519896390,-78.67379318611754,35.771779087046305,2500.0,2261.210020036166,667.0,740.733426677845
0,1519896405,-78.67379318611754,35.771779087046305,2500.0,2261.210020036166,667.0,740.733426677845
0,1519896420,-78.67379318611754,35.771779087046305,2500.0,2261.210020036166,667.0,740.733426677845
0,1519896435,-78.67379318611754,35.771779087046305,2500.0,2261.210020036166,667.0,740.733426677845
0,1519896450,-78.67379318611754,35.771779087046305,2500.0,2261.210020036166,667.0,740.733426677845
0,1519896465,-78.67379318611754,35.771779087046305,2500.0,2261.210020036166,667.0,740.733426677845
0,1519896480,-78.67379318611754,35.771779087046305,2500.0,2261.210020036166,667.0,740.733426677845
0,1519896495,-78.67379318611754,35.771779087046305,2500.0,2261.210020036166,667.0,740.733426677845
0,1519896510,-78.67379318611754,35.771779087046305,2500.0,2261.210020036166,667.0,740.733426677845
0,1519896525,-78.67379318611754,35.771779087046305,2500.0,2261.210020036166,667.0,740.733426677845
0,1519896540,-78.67379318611754,35.771779087046305,2500.0,2261.210020036166,667.0,740.733426677845
0,1519896555,-78.67379318611754,35.771779087046305,2500.0,2261.210020036166,667.0,740.733426677845
0,1519896570,-78.67379318611754,35.771779087046305,2500.0,2261.210020036166,667.0,740.733426677845
0,1519896585,-78.67379318611754,35.771779087046305,2500.0,2261.210020036166,667.0,740.733426677845
0,1519896600,-78.67379318611754,35.771779087046305,2500.0,2261.210020036166,667.0,740.733426677845
1,1519894800,-78.69019971527773,35.78813472459293,860.0,778.1528583247836,2303.0,2555.9552416285655
1,1519894815,-78.69019971527773,35.78813472459293,860.0,778.1528583247836,2303.0,2555.9552416285655
1,1519894830,-78.69019971527773,35.78813472459293,860.0,778.1528583247836,2303.0,2555.9552416285655
1,1519894845,-78.69019971527773,35.78813472459293,860.0,778.1528583247836,2303.0,2555.9552416285655
1,1519894860,-78.69019971527773,35.78813472459293,860.0,778.1528583247836,2303.0,2555.9552416285655
1,1519894875,-78.69019971527773,35.78813472459293,860.0,778.1528583247836,2303.0,2555.9552416285655
1,1519894890,-78.69019971527773,35.78813472459293,860.0,778.1528583247836,2303.0,2555.9552416285655
1,1519894905,-78.69019971527773,35.78813472459293,860.0,778.1528583247836,2303.0,2555.9552416285655
1,1519894920,-78.69019971527773,35.78813472459293,860.0,778.1528583247836,2303.0,2555.9552416285655
1,1519894935,-78.69019971527773,35.78813472459293,860.0,778.1528583247836,2303.0,2555.9552416285655
1,1519894950,-78.69019971527773,35.78813472459293,860.0,778.1528583247836,2303.0,2555.9552416285655
1,1519894965,-78.69019971527773,35.78813472459293,860.0,778.1528583247836,2303.0,2555.9552416285655
1,1519894980,-78.69019971527773,35.78813472459293,860.0,778.1528583247836,2303.0,2555.9552416285655
1,1519894995,-78.69019971527773,35.78813472459293,860.0,778.1528583247836,2303.0,2555.9552416285655
1,1519895010,-78.69019971527773,35.78813472459293,860.0,778.1528583247836,2303.0,2555.9552416285655
1,1519895025,-78.69019971527773,35.78813472459293,860.0,778.1528583247836,2303.0,2555.9552416285655
1,1519895040,-78.69019971527773,35.78813472459293,860.0,778.1528583247836,2303.0,2555.9552416285655
1,1519895055,-78.69019971527773,35.78813472459293,860.0,778.1528583247836,2303.0,2555.9552416285655
1,1519895070,-78.69019971527773,35.78813472459293,860.0,778.1528583247836,2303.0,2555.9552416285655
1,1519895085,-78.69019971527773,35.78813472459293,860.0,778.1528583247836,2303.0,2555.9552416285655
1,1519895100,-78.69019971527773,35.78813472459293,860.0,778.1528583247836,2303.0,2555.9552416285655
1,1519895115,-78.69019971527773,35.78813472459293,860.0,778.1528583247836,2303.0,2555.9552416285655
1,1519895130,-78.69019971527773,35.78813472459293,860.0,778.1528583247836,2303.0,2555.9552416285655
1,1519895145,-78.69006006504704,35.78795688777347,873.0,789.9087992407883,2285.0,2535.9833634689608
1,1519895160,-78.69006006504704,35.78795688777347,873.0,789.9087992407883,2285.0,2535.9833634689608
1,1519895175,-78.68982047042616,35.787651777319134,897.0,811.612074778028,2255.0,2502.69689986962
1,1519895190,-78.68982047042616,35.787651777319134,897.0,811.612074778028,2255.0,2502.69689986962
1,1519895205,-78.68953547922337,35.787434498592226,926.0,837.8368660521928,2233.0,2478.2868265634365
1,1519895220,-78.68953547922337,35.787434498592226,926.0,837.8368660521928,2233.0,2478.2868265634365
1,1519895235,-78.68945512966332,35.78739963754449,934.0,845.0712912312728,2229.0,2473.8486314168576
1,1519895250,-78.68945512966332,35.78739963754449,934.0,845.0712912312728,2229.0,2473.8486314168576
1,1519895265,-78.68943188641381,35.7873731912382,936.0,846.8798975260427,2227.0,2471.6295338435684
1,1519895280,-78.68943188641381,35.7873731912382,936.0,846.8798975260427,2227.0,2471.6295338435684
1,1519895295,-78.68834426244833,35.787024981577346,1045.0,945.4489405910065,2192.0,2432.7953263110044
1,1519895310,-78.68834426244833,35.787024981577346,1045.0,945.4489405910065,2192.0,2432.7953263110044
1,1519895325,-78.68697371198513,35.78550512053847,1182.0,1069.33847178275,2040.0,2264.1439107410106
1,1519895340,-78.68697371198513,35.78550512053847,1182.0,1069.33847178275,2040.0,2264.1439107410106
1,1519895355,-78.6869859347175,35.78520459438354,1181.0,1068.434168635365,2010.0,2230.85744714167
1,1519895370,-78.6869859347175,35.78520459438354,1181.0,1068.434168635365,2010.0,2230.85744714167
1,1519895385,-78.68698773809236,35.78520459438354,1181.0,1068.434168635365,2010.0,2230.85744714167
1,1519895400,-78.68698773809236,35.78520459438354,1181.0,1068.434168635365,2010.0,2230.85744714167
1,1519895415,-78.6869901425425,35.78520339220247,1180.0,1067.52986548798,2010.0,2230.85744714167
1,1519895430,-78.6869901425425,35.78520339220247,1180.0,1067.52986548798,2010.0,2230.85744714167
1,1519895445,-78.68699374929747,35.78519798272453,1180.0,1067.52986548798,2009.0,2229.747898355025
1,1519895460,-78.68699374929747,35.78519798272453,1180.0,1067.52986548798,2009.0,2229.747898355025
1,1519895475,-78.68706528239021,35.782302112443965,1173.0,1061.199743456285,1720.0,1909.0882990147081
1,1519895490,-78.68706528239021,35.782302112443965,1173.0,1061.199743456285,1720.0,1909.0882990147081
1,1519895505,-78.68570034238051,35.779230133829756,1309.0,1184.1849715006438,1413.0,1568.456821514787
1,1519895520,-78.68570034238051,35.779230133829756,1309.0,1184.1849715006438,1413.0,1568.456821514787
1,1519895535,-78.6833920468512,35.77797914355122,1540.0,1393.078998546576,1287.0,1428.6536743975555
1,1519895550,-78.6833920468512,35.77797914355122,1540.0,1393.078998546576,1287.0,1428.6536743975555
1,1519895565,-78.68106191063778,35.775615605375535,1773.0,1603.781631887279,1051.0,1166.8001607494077
1,1519895580,-78.68106191063778,35.775615605375535,1773.0,1603.781631887279,1051.0,1166.8001607494077
1,1519895595,-78.68104287529552,35.77560678986537,1775.0,1605.5902381820488,1050.0,1165.6906119627631
1,1519895610,-78.68104287529552,35.77560678986537,1775.0,1605.5902381820488,1050.0,1165.6906119627631
1,1519895625,-78.67962163040892,35.77479476812295,1917.0,1734.0012851107174,969.0,1075.8171602445427
1,1519895640,-78.67962163040892,35.77479476812295,1917.0,1734.0012851107174,969.0,1075.8171602445427
1,1519895655,-78.67681120039808,35.77351132133167,2198.0,1988.1104695258994,841.0,933.7949155540218
1,1519895670,-78.67681120039808,35.77351132133167,2198.0,1988.1104695258994,841.0,933.7949155540218
1,1519895685,-78.67471029118101,35.77262176765141,2408.0,2178.014130476747,752.0,835.045073542644
1,1519895700,-78.67471029118101,35.77262176765141,2408.0,2178.014130476747,752.0,835.045073542644
1,1519895715,-78.67449448967987,35.77319857392098,2430.0,2197.908799719217,809.0,898.2893543813916
1,1519895730,-78.67449448967987,35.77319857392098,2430.0,2197.908799719217,809.0,898.2893543813916
1,1519895745,-78.6742449860726,35.77381124617689,2455.0,2220.516378403842,871.0,967.0813791533627
1,1519895760,-78.6742449860726,35.77381124617689,2455.0,2220.516378403842,871.0,967.0813791533627
1,1519895775,-78.67424722988203,35.77360177978253,2455.0,2220.516378403842,850.0,943.7808546338241
1,1519895790,-78.67424722988203,35.77360177978253,2455.0,2220.516378403842,850.0,943.7808546338241
1,1519895805,-78.67427488091624,35.77358975852081,2452.0,2217.8034689616866,848.0,941.5617570605347
1,1519895820,-78.67427488091624,35.77358975852081,2452.0,2217.8034689616866,848.0,941.5617570605347
1,1519895835,-78.67424963372707,35.773571927004575,2455.0,2220.516378403842,847.0,940.45220827389
1,1519895850,-78.67424963372707,35.773571927004575,2455.0,2220.516378403842,847.0,940.45220827389
1,1519895865,-78.67412379999433,35.77362001151512,2467.0,2231.3680161724615,852.0,945.9999522071136
1,1519895880,-78.67412379999433,35.77362001151512,2467.0,2231.3680161724615,852.0,945.9999522071136
1,1519895895,-78.67396891209795,35.773516329721694,2483.0,2245.8368665306216,841.0,933.7949155540218
1,1519895910,-78.67396891209795,35.773516329721694,2483.0,2245.8368665306216,841.0,933.7949155540218
1,1519895925,-78.67412620500292,35.773281418852356,2467.0,2231.3680161724615,818.0,908.275293461194
1,1519895940,-78.67412620500292,35.773281418852356,2467.0,2231.3680161724615,818.0,908.275293461194
1,1519895955,-78.67431806115076,35.773028776759396,2448.0,2214.1862563721465,792.0,879.4270250084319
1,1519895970,-78.67431806115076,35.773028776759396,2448.0,2214.1862563721465,792.0,879.4270250084319
1,1519895985,-78.67453706883688,35.77278665336764,2426.0,2194.291587129677,768.0,852.7978541289592
1,1519896000,-78.67453706883688,35.77278665336764,2426.0,2194.291587129677,768.0,852.7978541289592
1,1519896015,-78.6746198227225,35.77247281196125,2418.0,2187.0571619505968,737.0,818.4018417429737
1,1519896030,-78.6746198227225,35.77247281196125,2418.0,2187.0571619505968,737.0,818.4018417429737
1,1519896045,-78.67456271678601,35.77232053008982,2423.0,2191.578677687522,722.0,801.7586099433032
1,1519896060,-78.67456271678601,35.77232053008982,2423.0,2191.578677687522,722.0,801.7586099433032
1,1519896075,-78.67455359966893,35.77227395095614,2424.0,2192.482980834907,717.0,796.2108660100798
1,1519896090,-78.67455359966893,35.77227395095614,2424.0,2192.482980834907,717.0,796.2108660100798
1,1519896105,-78.67455359966893,35.77227395095614,2424.0,2192.482980834907,717.0,796.2108660100798
1,1519896120,-78.67455359966893,35.77227395095614,2424.0,2192.482980834907,717.0,796.2108660100798
1,1519896135,-78.67455359966893,35.77227395095614,2424.0,2192.482980834907,717.0,796.2108660100798
1,1519896150,-78.67455359966893,35.77227395095614,2424.0,2192.482980834907,717.0,796.2108660100798
1,1519896165,-78.67455359966893,35.77227395095614,2424.0,2192.482980834907,717.0,796.2108660100798
1,1519896180,-78.67455359966893,35.77227395095614,2424.0,2192.482980834907,717.0,796.2108660100798
1,1519896195,-78.67455359966893,35.77227395095614,2424.0,2192.482980834907,717.0,796.2108660100798
1,1519896210,-78.67455359966893,35.77227395095614,2424.0,2192.482980834907,717.0,796.2108660100798
1,1519896225,-78.67455359966893,35.77227395095614,2424.0,2192.482980834907,717.0,796.2108660100798
1,1519896240,-78.67455359966893,35.77227395095614,2424.0,2192.482980834907,717.0,796.2108660100798
1,1519896255,-78.67455359966893,35.77227395095614,2424.0,2192.482980834907,717.0,796.2108660100798
1,1519896270,-78.67455359966893,35.77227395095614,2424.0,2192.482980834907,717.0,796.2108660100798
1,1519896285,-78.67455359966893,35.77227395095614,2424.0,2192.482980834907,717.0,796.2108660100798
1,1519896300,-78.67455359966893,35.77227395095614,2424.0,2192.482980834907,717.0,796.2108660100798
1,1519896315,-78.67455359966893,35.77227395095614,2424.0,2192.482980834907,717.0,796.2108660100798
1,1519896330,-78.67455359966893,35.77227395095614,2424.0,2192.482980834907,717.0,796.2108660100798
1,1519896345,-78.67455359966893,35.77227395095614,2424.0,2192.482980834907,717.0,796.2108660100798
1,1519896360,-78.67455359966893,35.77227395095614,2424.0,2192.482980834907,717.0,796.2108660100798
1,1519896375,-78.67455359966893,35.77227395095614,2424.0,2192.482980834907,717.0,796.2108660100798
1,1519896390,-78.67455359966893,35.77227395095614,2424.0,2192.482980834907,717.0,796.2108660100798
1,1519896405,-78.67455359966893,35.77227395095614,2424.0,2192.482980834907,717.0,796.2108660100798
1,1519896420,-78.67455359966893,35.77227395095614,2424.0,2192.482980834907,717.0,796.2108660100798
1,1519896435,-78.67455359966893,35.77227395095614,2424.0,2192.482980834907,717.0,796.2108660100798
1,1519896450,-78.67455359966893,35.77227395095614,2424.0,2192.482980834907,717.0,796.2108660100798
1,1519896465,-78.67455359966893,35.77227395095614,2424.0,2192.482980834907,717.0,796.2108660100798
1,1519896480,-78.67455359966893,35.77227395095614,2424.0,2192.482980834907,717.0,796.2108660100798
1,1519896495,-78.67455359966893,35.77227395095614,2424.0,2192.482980834907,717.0,796.2108660100798
1,1519896510,-78.67455359966893,35.77227395095614,2424.0,2192.482980834907,717.0,796.2108660100798
1,1519896525,-78.67455359966893,35.77227395095614,2424.0,2192.482980834907,717.0,796.2108660100798
1,1519896540,-78.67455359966893,35.77227395095614,2424.0,2192.482980834907,717.0,796.2108660100798
1,1519896555,-78.67455359966893,35.77227395095614,2424.0,2192.482980834907,717.0,796.2108660100798
1,1519896570,-78.67455359966893,35.77227395095614,2424.0,2192.482980834907,717.0,796.2108660100798
1,1519896585,-78.67455359966893,35.77227395095614,2424.0,2192.482980834907,717.0,796.2108660100798
1,1519896600,-78.67455359966893,35.77227395095614,2424.0,2192.482980834907,717.0,796.2108660100798
2,1519894800,-78.68291515941705,35.776616557858894,1588.0,1436.4855496210557,1151.0,1277.755039413877
2,1519894815,-78.67747804146786,35.77413220829789,2132.0,1928.42646179849,903.0,1002.5869403259928
2,1519894830,-78.67747804146786,35.77413220829789,2132.0,1928.42646179849,903.0,1002.5869403259928
2,1519894845,-78.67447545444465,35.772550440596596,2432.0,2199.717406013987,745.0,827.2782320361312
2,1519894860,-78.67447545444465,35.772550440596596,2432.0,2199.717406013987,745.0,827.2782320361312
2,1519894875,-78.67384227788568,35.77226192784867,2495.0,2256.6885042992412,716.0,795.1013172234351
2,1519894890,-78.67384227788568,35.77226192784867,2495.0,2256.6885042992412,716.0,795.1013172234351
2,1519894905,-78.67353872106987,35.77226994815224,2526.0,2284.721901868176,716.0,795.1013172234351
2,1519894920,-78.67353872106987,35.77226994815224,2526.0,2284.721901868176,716.0,795.1013172234351
2,1519894935,-78.67352870063027,35.77237201467025,2527.0,2285.626205015561,727.0,807.3063538765267
2,1519894950,-78.67352870063027,35.77237201467025,2527.0,2285.626205015561,727.0,807.3063538765267
2,1519894965,-78.67352771346928,35.77248532762467,2527.0,2285.626205015561,738.0,819.5113905296183
2,1519894980,-78.67352771346928,35.77248532762467,2527.0,2285.626205015561,738.0,819.5113905296183
2,1519894995,-78.67355274202222,35.772449268457095,2524.0,2282.9132955734062,734.0,815.0731953830395
2,1519895010,-78.67355274202222,35.772449268457095,2524.0,2282.9132955734062,734.0,815.0731953830395
2,1519895025,-78.67349968293541,35.77240719431602,2530.0,2288.339114457716,730.0,810.6350002364608
2,1519895040,-78.67349968293541,35.77240719431602,2530.0,2288.339114457716,730.0,810.6350002364608
2,1519895055,-78.67354473032839,35.77232904129921,2525.0,2283.817598720791,722.0,801.7586099433032
2,1519895070,-78.67354473032839,35.77232904129921,2525.0,2283.817598720791,722.0,801.7586099433032
2,1519895085,-78.67373107109833,35.77240719431602,2506.0,2266.635838920476,730.0,810.6350002364608
2,1519895100,-78.67373107109833,35.77240719431602,2506.0,2266.635838920476,730.0,810.6350002364608
2,1519895115,-78.67409574814847,35.772569473015295,2470.0,2234.0809256146167,746.0,828.3877808227759
2,1519895130,-78.67409574814847,35.772569473015295,2470.0,2234.0809256146167,746.0,828.3877808227759
2,1519895145,-78.674395304709,35.77275579850529,2440.0,2206.951831193067,765.0,849.469207769025
2,1519895160,-78.674395304709,35.77275579850529,2440.0,2206.951831193067,765.0,849.469207769025
2,1519895175,-78.67459968545862,35.77267265437324,2420.0,2188.8657682453672,757.0,840.5928174758675
2,1519895190,-78.67459968545862,35.77267265437324,2420.0,2188.8657682453672,757.0,840.5928174758675
2,1519895205,-78.67458866484061,35.772684674157645,2421.0,2189.770071392752,758.0,841.7023662625122
2,1519895220,-78.67458866484061,35.772684674157645,2421.0,2189.770071392752,758.0,841.7023662625122
2,1519895235,-78.67461872105248,35.772685676793245,2418.0,2187.0571619505968,758.0,841.7023662625122
2,1519895250,-78.67461872105248,35.772685676793245,2418.0,2187.0571619505968,758.0,841.7023662625122
2,1519895265,-78.67450150246601,35.77268968327339,2429.0,2197.004496571832,758.0,841.7023662625122
2,1519895280,-78.67450150246601,35.77268968327339,2429.0,2197.004496571832,758.0,841.7023662625122
2,1519895295,-78.67376914061369,35.772265934724594,2503.0,2263.9229294783213,716.0,795.1013172234351
2,1519895310,-78.67376914061369,35.772265934724594,2503.0,2263.9229294783213,716.0,795.1013172234351
2,1519895325,-78.67352870063027,35.772124692577826,2527.0,2285.626205015561,702.0,779.5676342104093
2,1519895340,-78.67352870063027,35.772124692577826,2527.0,2285.626205015561,702.0,779.5676342104093
2,1519895355,-78.67344651952646,35.772137714508396,2535.0,2292.860630194641,703.0,780.677182997054
2,1519895370,-78.67344651952646,35.772137714508396,2535.0,2292.860630194641,703.0,780.677182997054
2,1519895385,-78.67343451163538,35.77207861100353,2536.0,2293.764933342026,697.0,774.0198902771858
2,1519895400,-78.67343451163538,35.77207861100353,2536.0,2293.764933342026,697.0,774.0198902771858
2,1519895415,-78.67345453371736,35.77220382797294,2534.0,2291.956327047256,710.0,788.4440245035669
2,1519895430,-78.67345453371736,35.77220382797294,2534.0,2291.956327047256,710.0,788.4440245035669
2,1519895445,-78.67346855320487,35.77227595575576,2533.0,2291.052023899871,717.0,796.2108660100798
2,1519895460,-78.67346855320487,35.77227595575576,2533.0,2291.052023899871,717.0,796.2108660100798
2,1519895475,-78.67334835082254,35.77222386579916,2545.0,2301.9036616684907,712.0,790.6631220768563
2,1519895490,-78.67334835082254,35.77222386579916,2545.0,2301.9036616684907,712.0,790.6631220768563
2,1519895505,-78.67331228493855,35.77212268797692,2548.0,2304.6165711106455,702.0,779.5676342104093
2,1519895520,-78.67331228493855,35.77212268797692,2548.0,2304.6165711106455,702.0,779.5676342104093
2,1519895535,-78.67336137750584,35.772155747206654,2543.0,2300.0950553737207,705.0,782.8962805703435
2,1519895550,-78.67336137750584,35.772155747206654,2543.0,2300.0950553737207,705.0,782.8962805703435
2,1519895565,-78.67338942535166,35.772176783589536,2541.0,2298.2864490789507,707.0,785.1153781436327
2,1519895580,-78.67338942535166,35.772176783589536,2541.0,2298.2864490789507,707.0,785.1153781436327
2,1519895595,-78.67334534673657,35.772184797950054,2545.0,2301.9036616684907,708.0,786.2249269302774
2,1519895610,-78.67334534673657,35.772184797950054,2545.0,2301.9036616684907,708.0,786.2249269302774
2,1519895625,-78.67332030316167,35.77188026400392,2547.0,2303.7122679632607,678.0,752.9384633309367
2,1519895640,-78.67332030316167,35.77188026400392,2547.0,2303.7122679632607,678.0,752.9384633309367
2,1519895655,-78.67244367264097,35.773385901349926,2635.0,2383.29094493314,828.0,919.3707813276409
2,1519895670,-78.67244367264097,35.773385901349926,2635.0,2383.29094493314,828.0,919.3707813276409
2,1519895685,-78.67053512088232,35.77395189236699,2826.0,2556.012846083673,885.0,982.6150621663885
2,1519895700,-78.67053512088232,35.77395189236699,2826.0,2556.012846083673,885.0,982.6150621663885
2,1519895715,-78.67017545188249,35.77467515892925,2862.0,2588.5677593895325,957.0,1062.5025748048065
2,1519895730,-78.67017545188249,35.77467515892925,2862.0,2588.5677593895325,957.0,1062.5025748048065
2,1519895745,-78.67092885350533,35.775596772415824,2787.0,2520.745023335658,1049.0,1164.5810631761183
2,1519895760,-78.67092885350533,35.775596772415824,2787.0,2520.745023335658,1049.0,1164.5810631761183
2,1519895775,-78.67219320601649,35.77667666304323,2660.0,2405.8985236177646,1157.0,1284.4123321337454
2,1519895790,-78.67219320601649,35.77667666304323,2660.0,2405.8985236177646,1157.0,1284.4123321337454
2,1519895805,-78.6775191179151,35.77699522085571,2128.0,1924.8092492089502,1189.0,1319.9178933063754
2,1519895820,-78.6775191179151,35.77699522085571,2128.0,1924.8092492089502,1189.0,1319.9178933063754
2,1519895835,-78.67739789234146,35.77828447813557,2140.0,1935.6608869775698,1318.0,1463.0496867835411
2,1519895850,-78.67739789234146,35.77828447813557,2140.0,1935.6608869775698,1318.0,1463.0496867835411
2,1519895865,-78.67543924732212,35.78057649109909,2336.0,2112.904303865028,1547.0,1717.1363589251762
2,1519895880,-78.67543924732212,35.78057649109909,2336.0,2112.904303865028,1547.0,1717.1363589251762
2,1519895895,-78.67506254665359,35.78066063848595,2373.0,2146.3635203182725,1556.0,1727.1222980049783
2,1519895910,-78.67506254665359,35.78066063848595,2373.0,2146.3635203182725,1556.0,1727.1222980049783
2,1519895925,-78.66952724544171,35.7792651952504,2927.0,2647.3474639695564,1416.0,1571.785467874721
2,1519895940,-78.66952724544171,35.7792651952504,2927.0,2647.3474639695564,1416.0,1571.785467874721
2,1519895955,-78.66703961626695,35.780496350793996,3176.0,2872.518947668419,1539.0,1708.2599686320186
2,1519895970,-78.66703961626695,35.780496350793996,3176.0,2872.518947668419,1539.0,1708.2599686320186
2,1519895985,-78.6654296201451,35.78246880425781,3337.0,3018.1117543974024,1736.0,1926.8410796010235
2,1519896000,-78.6654296201451,35.78246880425781,3337.0,3018.1117543974024,1736.0,1926.8410796010235
2,1519896015,-78.6639999597435,35.784608550707155,3480.0,3147.427104473456,1950.0,2164.284519942988
2,1519896030,-78.6639999597435,35.784608550707155,3480.0,3147.427104473456,1950.0,2164.284519942988
2,1519896045,-78.66532843193966,35.785131466276304,3347.0,3027.154785871252,2003.0,2223.090605635157
2,1519896060,-78.66532843193966,35.785131466276304,3347.0,3027.154785871252,2003.0,2223.090605635157
2,1519896075,-78.66725100972684,35.785199585528986,3154.0,2852.6242784259493,2009.0,2229.747898355025
2,1519896090,-78.66725100972684,35.785199585528986,3154.0,2852.6242784259493,2009.0,2229.747898355025
2,1519896105,-78.66780403876908,35.785364874949686,3099.0,2802.8876053197746,2026.0,2248.6102277279847
2,1519896120,-78.66780403876908,35.785364874949686,3099.0,2802.8876053197746,2026.0,2248.6102277279847
2,1519896135,-78.66821680693545,35.78552415381628,3058.0,2765.81117627699,2042.0,2266.3630083143003
2,1519896150,-78.66821680693545,35.78552415381628,3058.0,2765.81117627699,2042.0,2266.3630083143003
2,1519896165,-78.66968754379037,35.78580364315852,2911.0,2632.8786136113968,2070.0,2297.4303743403516
2,1519896180,-78.66968754379037,35.78580364315852,2911.0,2632.8786136113968,2070.0,2297.4303743403516
2,1519896195,-78.67052910991343,35.78576758001669,2827.0,2556.9171492310575,2066.0,2292.9921791937727
2,1519896210,-78.67052910991343,35.78576758001669,2827.0,2556.9171492310575,2066.0,2292.9921791937727
2,1519896225,-78.67054914701492,35.7858006379439,2825.0,2555.108542936288,2070.0,2297.4303743403516
2,1519896240,-78.67054914701492,35.7858006379439,2825.0,2555.108542936288,2070.0,2297.4303743403516
2,1519896255,-78.67012235300157,35.785835699267096,2867.0,2593.089275126458,2073.0,2300.759020700286
2,1519896270,-78.67012235300157,35.785835699267096,2867.0,2593.089275126458,2073.0,2300.759020700286
2,1519896285,-78.6695953722684,35.78582968878615,2920.0,2641.017341937862,2072.0,2299.649471913641
2,1519896300,-78.6695953722684,35.78582968878615,2920.0,2641.017341937862,2072.0,2299.649471913641
2,1519896315,-78.66913251098146,35.78566339766053,2966.0,2682.6152867175715,2056.0,2281.8966913273257
2,1519896330,-78.66913251098146,35.78566339766053,2966.0,2682.6152867175715,2056.0,2281.8966913273257
2,1519896345,-78.66886401131595,35.78552715908067,2993.0,2707.031471696966,2042.0,2266.3630083143003
2,1519896360,-78.66886401131595,35.78552715908067,2993.0,2707.031471696966,2042.0,2266.3630083143003
2,1519896375,-78.66885060608912,35.78552579519301,2994.0,2707.935774844351,2042.0,2266.3630083143003
2,1519896390,-78.66885060608912,35.78552579519301,2994.0,2707.935774844351,2042.0,2266.3630083143003
2,1519896405,-78.66881039040865,35.78552170353002,2998.0,2711.5529874338913,2042.0,2266.3630083143003
2,1519896420,-78.66881039040865,35.78552170353002,2998.0,2711.5529874338913,2042.0,2266.3630083143003
2,1519896435,-78.6687701747282,35.785517611867036,3002.0,2715.170200023431,2041.0,2265.253459527655
2,1519896450,-78.6687701747282,35.785517611867036,3002.0,2715.170200023431,2041.0,2265.253459527655
2,1519896465,-78.66872995904772,35.78551352020405,3007.0,2719.691715760356,2041.0,2265.253459527655
2,1519896480,-78.66872995904772,35.78551352020405,3007.0,2719.691715760356,2041.0,2265.253459527655
2,1519896495,-78.66868974336727,35.78550942854106,3011.0,2723.308928349896,2040.0,2264.1439107410106
2,1519896510,-78.66868974336727,35.78550942854106,3011.0,2723.308928349896,2040.0,2264.1439107410106
2,1519896525,-78.6686495276868,35.785505336878074,3015.0,2726.9261409394358,2040.0,2264.1439107410106
2,1519896540,-78.6686495276868,35.785505336878074,3015.0,2726.9261409394358,2040.0,2264.1439107410106
2,1519896555,-78.66860931200634,35.78550124521509,3019.0,2730.543353528976,2040.0,2264.1439107410106
2,1519896570,-78.66860931200634,35.78550124521509,3019.0,2730.543353528976,2040.0,2264.1439107410106
2,1519896585,-78.66844032283646,35.785444814923665,3035.0,2745.0122038871355,2034.0,2257.4866180211425
2,1519896600,-78.66844032283646,35.785444814923665,3035.0,2745.0122038871355,2034.0,2257.4866180211425
3,1519894800,-78.67525590653227,35.77259251199297,2354.0,2129.1817605179576,749.0,831.71642718271
3,1519894815,-78.67555887032071,35.77277623448886,2324.0,2102.052666096408,767.0,851.6883053423145
3,1519894830,-78.67555887032071,35.77277623448886,2324.0,2102.052666096408,767.0,851.6883053423145
3,1519894845,-78.67582863884007,35.77291424276948,2297.0,2077.6364811170133,781.0,867.2219883553402
3,1519894860,-78.67582863884007,35.77291424276948,2297.0,2077.6364811170133,781.0,867.2219883553402
3,1519894875,-78.6761978170361,35.773116588063715,2260.0,2044.1772646637687,801.0,889.4129640882342
3,1519894890,-78.6761978170361,35.773116588063715,2260.0,2044.1772646637687,801.0,889.4129640882342
3,1519894905,-78.67651625169275,35.773259419622036,2228.0,2015.239563947449,815.0,904.9466471012597
3,1519894920,-78.67651625169275,35.773259419622036,2228.0,2015.239563947449,815.0,904.9466471012597
3,1519894935,-78.67688894528007,35.773429478049295,2191.0,1981.7803474942045,832.0,923.8089764742197
3,1519894950,-78.67688894528007,35.773429478049295,2191.0,1981.7803474942045,832.0,923.8089764742197
3,1519894965,-78.67724585937658,35.773621815054106,2155.0,1949.225434188345,852.0,945.9999522071136
3,1519894980,-78.67724585937658,35.773621815054106,2155.0,1949.225434188345,852.0,945.9999522071136
3,1519894995,-78.67757210542202,35.773771465378054,2122.0,1919.3834303246401,867.0,962.6431840067838
3,1519895010,-78.67757210542202,35.773771465378054,2122.0,1919.3834303246401,867.0,962.6431840067838
3,1519895025,-78.67795881839864,35.77388006094045,2084.0,1885.0199107240105,878.0,974.8482206598756
3,1519895040,-78.67795881839864,35.77388006094045,2084.0,1885.0199107240105,878.0,974.8482206598756
3,1519895055,-78.67822943969686,35.774027024022786,2057.0,1860.6037257446158,892.0,990.3819036729013
3,1519895070,-78.67822943969686,35.774027024022786,2057.0,1860.6037257446158,892.0,990.3819036729013
3,1519895085,-78.67857458205832,35.77415892159289,2022.0,1828.9531155861412,905.0,1004.8060378992823
3,1519895100,-78.67857458205832,35.77415892159289,2022.0,1828.9531155861412,905.0,1004.8060378992823
3,1519895115,-78.67909423083825,35.7743372946205,1970.0,1781.9293519221217,923.0,1024.7779160588868
3,1519895130,-78.67909423083825,35.7743372946205,1970.0,1781.9293519221217,923.0,1024.7779160588868
3,1519895145,-78.67953944889021,35.774598166966996,1926.0,1742.1400134371822,949.0,1053.626184511649
3,1519895160,-78.67953944889021,35.774598166966996,1926.0,1742.1400134371822,949.0,1053.626184511649
3,1519895175,-78.67989734349901,35.77478571204833,1890.0,1709.5851001313226,968.0,1074.707611457898
3,1519895190,-78.67989734349901,35.77478571204833,1890.0,1709.5851001313226,968.0,1074.707611457898
3,1519895205,-78.68023998112143,35.774966018105765,1856.0,1678.838793120233,986.0,1094.6794896175024
3,1519895220,-78.68023998112143,35.774966018105765,1856.0,1678.838793120233,986.0,1094.6794896175024
3,1519895235,-78.68061664680374,35.775260772445876,1818.0,1644.4752735196034,1016.0,1127.9659532168434
3,1519895250,-78.68061664680374,35.775260772445876,1818.0,1644.4752735196034,1016.0,1127.9659532168434
3,1519895265,-78.6809617242611,35.77542967994161,1783.0,1612.8246633611286,1032.0,1145.7187338031583
3,1519895280,-78.6809617242611,35.77542967994161,1783.0,1612.8246633611286,1032.0,1145.7187338031583
3,1519895295,-78.68119107603604,35.77526819712153,1760.0,1592.025690971274,1016.0,1127.9659532168434
3,1519895310,-78.68119107603604,35.77526819712153,1760.0,1592.025690971274,1016.0,1127.9659532168434
3,1519895325,-78.68148694606089,35.775065954012476,1731.0,1565.8008996971091,996.0,1105.7749774839494
3,1519895340,-78.68148694606089,35.775065954012476,1731.0,1565.8008996971091,996.0,1105.7749774839494
3,1519895355,-78.68178369015928,35.77479209069394,1701.0,1538.6718052755596,969.0,1075.8171602445427
3,1519895370,-78.68178369015928,35.77479209069394,1701.0,1538.6718052755596,969.0,1075.8171602445427
3,1519895385,-78.68209849686399,35.774550440298455,1670.0,1510.6384077066248,945.0,1049.18798936507
3,1519895400,-78.68209849686399,35.774550440298455,1670.0,1510.6384077066248,945.0,1049.18798936507
3,1519895415,-78.6824859923111,35.774513981854945,1631.0,1475.3705849586102,941.0,1044.7497942184912
3,1519895430,-78.6824859923111,35.774513981854945,1631.0,1475.3705849586102,941.0,1044.7497942184912
3,1519895445,-78.68287007554596,35.774480150691815,1592.0,1440.1027622105958,938.0,1041.421147858557
3,1519895460,-78.68287007554596,35.774480150691815,1592.0,1440.1027622105958,938.0,1041.421147858557
3,1519895475,-78.68318083563031,35.77462361388443,1561.0,1412.069364641661,952.0,1056.954830871583
3,1519895490,-78.68318083563031,35.77462361388443,1561.0,1412.069364641661,952.0,1056.954830871583
3,1519895505,-78.68346412216678,35.7748221219982,1533.0,1386.7488765148814,972.0,1079.1458066044768
3,1519895520,-78.68346412216678,35.7748221219982,1533.0,1386.7488765148814,972.0,1079.1458066044768
3,1519895535,-78.68383162953904,35.77479430859453,1496.0,1353.2896600616368,969.0,1075.8171602445427
3,1519895550,-78.68383162953904,35.77479430859453,1496.0,1353.2896600616368,969.0,1075.8171602445427
3,1519895565,-78.68407448345835,35.774775501203095,1472.0,1331.586384524397,967.0,1073.5980626712533
3,1519895580,-78.68407448345835,35.774775501203095,1472.0,1331.586384524397,967.0,1073.5980626712533
3,1519895595,-78.68422484660388,35.77476982459578,1457.0,1318.021837313622,966.0,1072.4885138846087
3,1519895610,-78.68422484660388,35.77476982459578,1457.0,1318.021837313622,966.0,1072.4885138846087
3,1519895625,-78.68428009945464,35.77480268208984,1451.0,1312.5960184293122,970.0,1076.9267090311873
3,1519895640,-78.68428009945464,35.77480268208984,1451.0,1312.5960184293122,970.0,1076.9267090311873
3,1519895655,-78.68426767630069,35.7748344377386,1453.0,1314.4046247240822,973.0,1080.2553553911216
3,1519895670,-78.68426767630069,35.7748344377386,1453.0,1314.4046247240822,973.0,1080.2553553911216
3,1519895685,-78.68432244490577,35.77492509640729,1447.0,1308.9788058397723,982.0,1090.2412944709238
3,1519895700,-78.68432244490577,35.77492509640729,1447.0,1308.9788058397723,982.0,1090.2412944709238
3,1519895715,-78.68437048408174,35.77495147823907,1442.0,1304.4572901028473,985.0,1093.5699408308578
3,1519895730,-78.68437048408174,35.77495147823907,1442.0,1304.4572901028473,985.0,1093.5699408308578
3,1519895745,-78.68436513165308,35.77491483872049,1443.0,1305.361593250232,981.0,1089.1317456842792
3,1519895760,-78.68436513165308,35.77491483872049,1443.0,1305.361593250232,981.0,1089.1317456842792
3,1519895775,-78.68432048883862,35.77484431199929,1447.0,1308.9788058397723,974.0,1081.3649041777662
3,1519895790,-78.68432048883862,35.77484431199929,1447.0,1308.9788058397723,974.0,1081.3649041777662
3,1519895805,-78.68431676766899,35.77473657404732,1448.0,1309.8831089871571,963.0,1069.1598675246744
3,1519895820,-78.68431676766899,35.77473657404732,1448.0,1309.8831089871571,963.0,1069.1598675246744
3,1519895835,-78.68433179563496,35.77467473495641,1446.0,1308.0745026923871,957.0,1062.5025748048065
3,1519895850,-78.68433179563496,35.77467473495641,1446.0,1308.0745026923871,957.0,1062.5025748048065
3,1519895865,-78.68432583214573,35.77468517634689,1447.0,1308.9788058397723,958.0,1063.612123591451
3,1519895880,-78.68432583214573,35.77468517634689,1447.0,1308.9788058397723,958.0,1063.612123591451
3,1519895895,-78.6843162054062,35.77471517779539,1448.0,1309.8831089871571,961.0,1066.9407699513852
3,1519895910,-78.6843162054062,35.77471517779539,1448.0,1309.8831089871571,961.0,1066.9407699513852
3,1519895925,-78.68429749713546,35.7747271374858,1450.0,1311.6917152819271,962.0,1068.0503187380298
3,1519895940,-78.68429749713546,35.7747271374858,1450.0,1311.6917152819271,962.0,1068.0503187380298
3,1519895955,-78.6842787888647,35.7747390971762,1452.0,1313.5003215766972,963.0,1069.1598675246744
3,1519895970,-78.6842787888647,35.7747390971762,1452.0,1313.5003215766972,963.0,1069.1598675246744
3,1519895985,-78.68429582391248,35.77472157344672,1450.0,1311.6917152819271,962.0,1068.0503187380298
3,1519896000,-78.68429582391248,35.77472157344672,1450.0,1311.6917152819271,962.0,1068.0503187380298
3,1519896015,-78.68423719477641,35.77468188750051,1456.0,1317.1175341662372,958.0,1063.612123591451
3,1519896030,-78.68423719477641,35.77468188750051,1456.0,1317.1175341662372,958.0,1063.612123591451
3,1519896045,-78.68416271990039,35.77464226062014,1463.0,1323.4476561979322,954.0,1059.1739284448724
3,1519896060,-78.68416271990039,35.77464226062014,1463.0,1323.4476561979322,954.0,1059.1739284448724
3,1519896075,-78.68408824502436,35.77460263373976,1471.0,1330.682081377012,950.0,1054.7357332982936
3,1519896090,-78.68408824502436,35.77460263373976,1471.0,1330.682081377012,950.0,1054.7357332982936
3,1519896105,-78.68402629265677,35.774569235797095,1477.0,1336.107900261322,946.0,1050.2975381517147
3,1519896120,-78.68402629265677,35.774569235797095,1477.0,1336.107900261322,946.0,1050.2975381517147
3,1519896135,-78.68407704286516,35.77459189829379,1472.0,1331.586384524397,949.0,1053.626184511649
3,1519896150,-78.68407704286516,35.77459189829379,1472.0,1331.586384524397,949.0,1053.626184511649
3,1519896165,-78.68413296222647,35.77462057533968,1466.0,1326.160565640087,952.0,1056.954830871583
3,1519896180,-78.68413296222647,35.77462057533968,1466.0,1326.160565640087,952.0,1056.954830871583
3,1519896195,-78.68426124972869,35.77473345607436,1453.0,1314.4046247240822,963.0,1069.1598675246744
3,1519896210,-78.68426124972869,35.77473345607436,1453.0,1314.4046247240822,963.0,1069.1598675246744
3,1519896225,-78.68434882728464,35.774781344577114,1445.0,1307.170199545002,968.0,1074.707611457898
3,1519896240,-78.68434882728464,35.774781344577114,1445.0,1307.170199545002,968.0,1074.707611457898
3,1519896255,-78.68423008458606,35.77480586596531,1456.0,1317.1175341662372,970.0,1076.9267090311873
3,1519896270,-78.68423008458606,35.77480586596531,1456.0,1317.1175341662372,970.0,1076.9267090311873
3,1519896285,-78.68422309331989,35.774827801139686,1457.0,1318.021837313622,972.0,1079.1458066044768
3,1519896300,-78.68422309331989,35.774827801139686,1457.0,1318.021837313622,972.0,1079.1458066044768
3,1519896315,-78.68418472193522,35.77474568236098,1461.0,1321.639049903162,964.0,1070.2694163113192
3,1519896330,-78.68418472193522,35.77474568236098,1461.0,1321.639049903162,964.0,1070.2694163113192
3,1519896345,-78.68434181425553,35.77479161266136,1445.0,1307.170199545002,969.0,1075.8171602445427
3,1519896360,-78.68434181425553,35.77479161266136,1445.0,1307.170199545002,969.0,1075.8171602445427
3,1519896375,-78.684301453426,35.77471208070038,1449.0,1310.7874121345424,961.0,1066.9407699513852
3,1519896390,-78.684301453426,35.77471208070038,1449.0,1310.7874121345424,961.0,1066.9407699513852
3,1519896405,-78.68429961808799,35.77475252959941,1450.0,1311.6917152819271,965.0,1071.3789650979638
3,1519896420,-78.68429961808799,35.77475252959941,1450.0,1311.6917152819271,965.0,1071.3789650979638
3,1519896435,-78.68430757408414,35.77481175080941,1449.0,1310.7874121345424,971.0,1078.0362578178322
3,1519896450,-78.68430757408414,35.77481175080941,1449.0,1310.7874121345424,971.0,1078.0362578178322
3,1519896465,-78.68431821863358,35.774827356211496,1448.0,1309.8831089871571,972.0,1079.1458066044768
3,1519896480,-78.68431821863358,35.774827356211496,1448.0,1309.8831089871571,972.0,1079.1458066044768
3,1519896495,-78.68432552622124,35.77481790350941,1447.0,1308.9788058397723,971.0,1078.0362578178322
3,1519896510,-78.68432552622124,35.77481790350941,1447.0,1308.9788058397723,971.0,1078.0362578178322
3,1519896525,-78.68432986419643,35.774810777655325,1447.0,1308.9788058397723,971.0,1078.0362578178322
3,1519896540,-78.68432986419643,35.774810777655325,1447.0,1308.9788058397723,971.0,1078.0362578178322
3,1519896555,-78.68433420217163,35.77480365180124,1446.0,1308.0745026923871,970.0,1076.9267090311873
3,1519896570,-78.68433420217163,35.77480365180124,1446.0,1308.0745026923871,970.0,1076.9267090311873
3,1519896585,-78.68433854014681,35.77479652594715,1446.0,1308.0745026923871,969.0,1075.8171602445427
3,1519896600,-78.68433854014681,35.77479652594715,1446.0,1308.0745026923871,969.0,1075.8171602445427
4,1519894800,-78.67708230513928,35.77136135641541,2171.0,1963.6942845465048,626.0,695.2419264254127
4,1519894815,-78.67743395947349,35.77143849128892,2136.0,1932.04367438803,633.0,703.0087679319254
4,1519894830,-78.67743395947349,35.77143849128892,2136.0,1932.04367438803,633.0,703.0087679319254
4,1519894845,-78.67785173685782,35.77153265631086,2094.0,1894.0629421978606,643.0,714.1042557983724
4,1519894860,-78.67785173685782,35.77153265631086,2094.0,1894.0629421978606,643.0,714.1042557983724
4,1519894875,-78.67826250128651,35.7715867500929,2053.0,1856.986513155076,648.0,719.6519997315959
4,1519894890,-78.67826250128651,35.7715867500929,2053.0,1856.986513155076,648.0,719.6519997315959
4,1519894905,-78.67826250128651,35.771558701520796,2053.0,1856.986513155076,645.0,716.3233533716617
4,1519894920,-78.67826250128651,35.771558701520796,2053.0,1856.986513155076,645.0,716.3233533716617
4,1519894935,-78.67892974283787,35.77200347922698,1987.0,1797.3025054276666,690.0,766.253048770673
4,1519894950,-78.67892974283787,35.77200347922698,1987.0,1797.3025054276666,690.0,766.253048770673
4,1519894965,-78.67894577276941,35.77223688497909,1985.0,1795.4938991328966,713.0,791.7726708635009
4,1519894980,-78.67894577276941,35.77223688497909,1985.0,1795.4938991328966,713.0,791.7726708635009
4,1519894995,-78.67893675592856,35.772242895098564,1986.0,1796.3982022802816,714.0,792.8822196501457
4,1519895010,-78.67893675592856,35.772242895098564,1986.0,1796.3982022802816,714.0,792.8822196501457
4,1519895025,-78.67873632414795,35.77198356290449,2006.0,1814.4842652279815,688.0,764.0339511973835
4,1519895040,-78.67873632414795,35.77198356290449,2006.0,1814.4842652279815,688.0,764.0339511973835
4,1519895055,-78.67835086571338,35.771597970383155,2044.0,1848.847784828611,649.0,720.7615485182406
4,1519895070,-78.67835086571338,35.771597970383155,2044.0,1848.847784828611,649.0,720.7615485182406
4,1519895085,-78.6772566294777,35.77223108143451,2154.0,1948.3211310409597,713.0,791.7726708635009
4,1519895100,-78.6772566294777,35.77223108143451,2154.0,1948.3211310409597,713.0,791.7726708635009
4,1519895115,-78.67658678293525,35.773965115504396,2221.0,2008.9094419157543,886.0,983.7246109530331
4,1519895130,-78.67658678293525,35.773965115504396,2221.0,2008.9094419157543,886.0,983.7246109530331
4,1519895145,-78.67383967040305,35.77519847493833,2496.0,2257.592807446626,1009.0,1120.1991117103305
4,1519895160,-78.67383967040305,35.77519847493833,2496.0,2257.592807446626,1009.0,1120.1991117103305
4,1519895175,-78.67114485567869,35.77524315326228,2765.0,2500.8503540931883,1014.0,1125.746855643554
4,1519895190,-78.67114485567869,35.77524315326228,2765.0,2500.8503540931883,1014.0,1125.746855643554
4,1519895205,-78.67062709207475,35.77589429327961,2817.0,2547.8741177572083,1079.0,1197.867526775459
4,1519895220,-78.67062709207475,35.77589429327961,2817.0,2547.8741177572083,1079.0,1197.867526775459
4,1519895235,-78.67197479995698,35.77670050476936,2682.0,2425.793192860234,1160.0,1287.7409784936794
4,1519895250,-78.67197479995698,35.77670050476936,2682.0,2425.793192860234,1160.0,1287.7409784936794
4,1519895265,-78.67701097236436,35.77710922040966,2178.0,1970.0244065781997,1200.0,1332.1229299594672
4,1519895280,-78.67701097236436,35.77710922040966,2178.0,1970.0244065781997,1200.0,1332.1229299594672
4,1519895295,-78.677588647304,35.77728232349609,2121.0,1918.4791271772551,1218.0,1352.0948081190716
4,1519895310,-78.677588647304,35.77728232349609,2121.0,1918.4791271772551,1218.0,1352.0948081190716
4,1519895325,-78.67756219808474,35.777276312885576,2123.0,1920.2877334720251,1217.0,1350.985259332427
4,1519895340,-78.67756219808474,35.777276312885576,2123.0,1920.2877334720251,1217.0,1350.985259332427
4,1519895355,-78.67755378237833,35.77726769787127,2124.0,1921.19203661941,1216.0,1349.875710545782
4,1519895370,-78.67755378237833,35.77726769787127,2124.0,1921.19203661941,1216.0,1349.875710545782
4,1519895385,-78.67755839099291,35.77727110383415,2124.0,1921.19203661941,1217.0,1350.985259332427
4,1519895400,-78.67755839099291,35.77727110383415,2124.0,1921.19203661941,1217.0,1350.985259332427
4,1519895415,-78.67754877307259,35.77726008455428,2125.0,1922.0963397667952,1216.0,1349.875710545782
4,1519895430,-78.67754877307259,35.77726008455428,2125.0,1922.0963397667952,1216.0,1349.875710545782
4,1519895445,-78.67755418313311,35.77726128665942,2124.0,1921.19203661941,1216.0,1349.875710545782
4,1519895460,-78.67755418313311,35.77726128665942,2124.0,1921.19203661941,1216.0,1349.875710545782
4,1519895475,-78.67755859131923,35.777266495792674,2124.0,1921.19203661941,1216.0,1349.875710545782
4,1519895490,-78.67755859131923,35.777266495792674,2124.0,1921.19203661941,1216.0,1349.875710545782
4,1519895505,-78.67755839099291,35.77726890000962,2124.0,1921.19203661941,1216.0,1349.875710545782
4,1519895520,-78.67755839099291,35.77726890000962,2124.0,1921.19203661941,1216.0,1349.875710545782
4,1519895535,-78.67756279918866,35.777279318192065,2123.0,1920.2877334720251,1217.0,1350.985259332427
4,1519895550,-78.67756279918866,35.777279318192065,2123.0,1920.2877334720251,1217.0,1350.985259332427
4,1519895565,-78.67755959322547,35.777261887727576,2124.0,1921.19203661941,1216.0,1349.875710545782
4,1519895580,-78.67755959322547,35.777261887727576,2124.0,1921.19203661941,1216.0,1349.875710545782
4,1519895595,-78.67757041337514,35.777281121347116,2122.0,1919.3834303246401,1218.0,1352.0948081190716
4,1519895610,-78.67757041337514,35.777281121347116,2122.0,1919.3834303246401,1218.0,1352.0948081190716
4,1519895625,-78.67757722597017,35.77734302981415,2122.0,1919.3834303246401,1224.0,1358.75210083894
4,1519895640,-78.67757722597017,35.77734302981415,2122.0,1919.3834303246401,1224.0,1358.75210083894
4,1519895655,-78.67757742636343,35.777344031504256,2122.0,1919.3834303246401,1224.0,1358.75210083894
4,1519895670,-78.67757742636343,35.777344031504256,2122.0,1919.3834303246401,1224.0,1358.75210083894
4,1519895685,-78.67758524095531,35.77733922314043,2121.0,1918.4791271772551,1223.0,1357.642552052295
4,1519895700,-78.67758524095531,35.77733922314043,2121.0,1918.4791271772551,1223.0,1357.642552052295
4,1519895715,-78.6775942577895,35.77732339535824,2120.0,1917.5748240298701,1222.0,1356.5330032656504
4,1519895730,-78.6775942577895,35.77732339535824,2120.0,1917.5748240298701,1222.0,1356.5330032656504
4,1519895745,-78.67759505925706,35.77729254140189,2120.0,1917.5748240298701,1219.0,1353.2043569057164
4,1519895760,-78.67759505925706,35.77729254140189,2120.0,1917.5748240298701,1219.0,1353.2043569057164
4,1519895775,-78.67759165292001,35.77728292461673,2120.0,1917.5748240298701,1218.0,1352.0948081190716
4,1519895790,-78.67759165292001,35.77728292461673,2120.0,1917.5748240298701,1218.0,1352.0948081190716
4,1519895805,-78.67758764542457,35.777278316437425,2121.0,1918.4791271772551,1217.0,1350.985259332427
4,1519895820,-78.67758764542457,35.777278316437425,2121.0,1918.4791271772551,1217.0,1350.985259332427
4,1519895835,-78.67758664353505,35.777284327013284,2121.0,1918.4791271772551,1218.0,1352.0948081190716
4,1519895850,-78.67758664353505,35.777284327013284,2121.0,1918.4791271772551,1218.0,1352.0948081190716
4,1519895865,-78.67758624278345,35.77728713189579,2121.0,1918.4791271772551,1218.0,1352.0948081190716
4,1519895880,-78.67758624278345,35.77728713189579,2121.0,1918.4791271772551,1218.0,1352.0948081190716
4,1519895895,-78.6775852409307,35.777284126659616,2121.0,1918.4791271772551,1218.0,1352.0948081190716
4,1519895910,-78.6775852409307,35.777284126659616,2121.0,1918.4791271772551,1218.0,1352.0948081190716
4,1519895925,-78.67758423910423,35.77727851683548,2121.0,1918.4791271772551,1217.0,1350.985259332427
4,1519895940,-78.67758423910423,35.77727851683548,2121.0,1918.4791271772551,1217.0,1350.985259332427
4,1519895955,-78.67758263615838,35.77726549410385,2121.0,1918.4791271772551,1216.0,1349.875710545782
4,1519895970,-78.67758263615838,35.77726549410385,2121.0,1918.4791271772551,1216.0,1349.875710545782
4,1519895985,-78.6775812335114,35.77726268912984,2121.0,1918.4791271772551,1216.0,1349.875710545782
4,1519896000,-78.6775812335114,35.77726268912984,2121.0,1918.4791271772551,1216.0,1349.875710545782
4,1519896015,-78.67758003121747,35.777264692703554,2121.0,1918.4791271772551,1216.0,1349.875710545782
4,1519896030,-78.67758003121747,35.777264692703554,2121.0,1918.4791271772551,1216.0,1349.875710545782
4,1519896045,-78.67757562296607,35.7772636908697,2122.0,1919.3834303246401,1216.0,1349.875710545782
4,1519896060,-78.67757562296607,35.7772636908697,2122.0,1919.3834303246401,1216.0,1349.875710545782
4,1519896075,-78.67757201637428,35.77726308982579,2122.0,1919.3834303246401,1216.0,1349.875710545782
4,1519896090,-78.67757201637428,35.77726308982579,2122.0,1919.3834303246401,1216.0,1349.875710545782
4,1519896105,-78.67756861003154,35.777262088052524,2123.0,1920.2877334720251,1216.0,1349.875710545782
4,1519896120,-78.67756861003154,35.777262088052524,2123.0,1920.2877334720251,1216.0,1349.875710545782
4,1519896135,-78.67756820925212,35.77726168733431,2123.0,1920.2877334720251,1216.0,1349.875710545782
4,1519896150,-78.67756820925212,35.77726168733431,2123.0,1920.2877334720251,1216.0,1349.875710545782
4,1519896165,-78.677572417109,35.777261086313416,2122.0,1919.3834303246401,1216.0,1349.875710545782
4,1519896180,-78.677572417109,35.777261086313416,2122.0,1919.3834303246401,1216.0,1349.875710545782
4,1519896195,-78.67757602373685,35.77725908278793,2122.0,1919.3834303246401,1215.0,1348.7661617591375
4,1519896210,-78.67757602373685,35.77725908278793,2122.0,1919.3834303246401,1215.0,1348.7661617591375
4,1519896225,-78.67758323730406,35.777256077561276,2121.0,1918.4791271772551,1215.0,1348.7661617591375
4,1519896240,-78.67758323730406,35.777256077561276,2121.0,1918.4791271772551,1215.0,1348.7661617591375
4,1519896255,-78.67758443948004,35.77725727963419,2121.0,1918.4791271772551,1215.0,1348.7661617591375
4,1519896270,-78.67758443948004,35.77725727963419,2121.0,1918.4791271772551,1215.0,1348.7661617591375
4,1519896285,-78.67758724466246,35.77725267166357,2121.0,1918.4791271772551,1215.0,1348.7661617591375
4,1519896300,-78.67758724466246,35.77725267166357,2121.0,1918.4791271772551,1215.0,1348.7661617591375
4,1519896315,-78.67759626142514,35.777252471227094,2120.0,1917.5748240298701,1215.0,1348.7661617591375
4,1519896330,-78.67759626142514,35.777252471227094,2120.0,1917.5748240298701,1215.0,1348.7661617591375
4,1519896345,-78.67760006851458,35.777256678569486,2119.0,1916.6705208824853,1215.0,1348.7661617591375
4,1519896360,-78.67760006851458,35.777256678569486,2119.0,1916.6705208824853,1215.0,1348.7661617591375
4,1519896375,-78.67760868466904,35.77726349055585,2119.0,1916.6705208824853,1216.0,1349.875710545782
4,1519896390,-78.67760868466904,35.77726349055585,2119.0,1916.6705208824853,1216.0,1349.875710545782
4,1519896405,-78.67760988690131,35.77726769787127,2119.0,1916.6705208824853,1216.0,1349.875710545782
4,1519896420,-78.67760988690131,35.77726769787127,2119.0,1916.6705208824853,1216.0,1349.875710545782
4,1519896435,-78.67762611703614,35.777268699632174,2117.0,1914.8619145877153,1216.0,1349.875710545782
4,1519896450,-78.67762611703614,35.777268699632174,2117.0,1914.8619145877153,1216.0,1349.875710545782
4,1519896465,-78.67762531560798,35.777270302417016,2117.0,1914.8619145877153,1217.0,1350.985259332427
4,1519896480,-78.67762531560798,35.777270302417016,2117.0,1914.8619145877153,1217.0,1350.985259332427
4,1519896495,-78.67762010587917,35.777273508016535,2117.0,1914.8619145877153,1217.0,1350.985259332427
4,1519896510,-78.67762010587917,35.777273508016535,2117.0,1914.8619145877153,1217.0,1350.985259332427
4,1519896525,-78.67761750095005,35.77726549410385,2118.0,1915.7662177351,1216.0,1349.875710545782
4,1519896540,-78.67761750095005,35.77726549410385,2118.0,1915.7662177351,1216.0,1349.875710545782
4,1519896555,-78.67761269206572,35.77726008457852,2118.0,1915.7662177351,1216.0,1349.875710545782
4,1519896570,-78.67761269206572,35.77726008457852,2118.0,1915.7662177351,1216.0,1349.875710545782
4,1519896585,-78.67761048798735,35.7772494659795,2118.0,1915.7662177351,1214.0,1347.656612972493
4,1519896600,-78.67761048798735,35.7772494659795,2118.0,1915.7662177351,1214.0,1347.656612972493
